Meso,Meso.Location,Rep,Day,day,id,pen.rep,pen.g,pen.g.final,substrate,temp,bank,sub.temp,pen.kg
Leaf.23.1,A1,1,Day 14,14,Leaf.23.1.Day 14,1,726.4,800.4,Leaf,23°,1,Leaf.23,0.8004
Leaf.23.1,A1,2,Day 14,14,Leaf.23.1.Day 14,1,843.7,917.7,Leaf,23°,1,Leaf.23,0.9177
Leaf.23.1,A1,3,Day 14,14,Leaf.23.1.Day 14,1,762.6,836.6,Leaf,23°,1,Leaf.23,0.8366
Leaf.23.1,A1,4,Day 14,14,Leaf.23.1.Day 14,1,996.8,1070.8,Leaf,23°,1,Leaf.23,1.0708
Leaf.23.1,A1,5,Day 14,14,Leaf.23.1.Day 14,1,907,981,Leaf,23°,1,Leaf.23,0.981
Leaf.26.1,A2,1,Day 14,14,Leaf.26.1.Day 14,1,1198.3,1272.3,Leaf,26°,1,Leaf.26,1.2723
Leaf.26.1,A2,2,Day 14,14,Leaf.26.1.Day 14,1,444.67,518.67,Leaf,26°,1,Leaf.26,0.51867
Leaf.26.1,A2,3,Day 14,14,Leaf.26.1.Day 14,1,448.75,522.75,Leaf,26°,1,Leaf.26,0.52275
Leaf.26.1,A2,4,Day 14,14,Leaf.26.1.Day 14,1,1064.5,1138.5,Leaf,26°,1,Leaf.26,1.1385
Leaf.26.1,A2,5,Day 14,14,Leaf.26.1.Day 14,1,583.02,657.02,Leaf,26°,1,Leaf.26,0.65702
Leaf.20.1,A4,1,Day 14,14,Leaf.20.1.Day 14,1,997,1071,Leaf,20°,1,Leaf.20,1.071
Leaf.20.1,A4,2,Day 14,14,Leaf.20.1.Day 14,1,813.5,887.5,Leaf,20°,1,Leaf.20,0.8875
Leaf.20.1,A4,3,Day 14,14,Leaf.20.1.Day 14,1,700.1,774.1,Leaf,20°,1,Leaf.20,0.7741
Leaf.20.1,A4,4,Day 14,14,Leaf.20.1.Day 14,1,594.03,668.03,Leaf,20°,1,Leaf.20,0.66803
Leaf.20.1,A4,5,Day 14,14,Leaf.20.1.Day 14,1,737.7,811.7,Leaf,20°,1,Leaf.20,0.8117
Leaf.23.2,B2,1,Day 14,14,Leaf.23.2.Day 14,1,833.7,907.7,Leaf,23°,2,Leaf.23,0.9077
Leaf.23.2,B2,2,Day 14,14,Leaf.23.2.Day 14,1,629.5,703.5,Leaf,23°,2,Leaf.23,0.7035
Leaf.23.2,B2,3,Day 14,14,Leaf.23.2.Day 14,1,450.31,524.31,Leaf,23°,2,Leaf.23,0.52431
Leaf.23.2,B2,4,Day 14,14,Leaf.23.2.Day 14,1,986.4,1060.4,Leaf,23°,2,Leaf.23,1.0604
Leaf.23.2,B2,5,Day 14,14,Leaf.23.2.Day 14,1,410.17,484.17,Leaf,23°,2,Leaf.23,0.48417
Leaf.26.2,B3,1,Day 14,14,Leaf.26.2.Day 14,1,796.4,870.4,Leaf,26°,2,Leaf.26,0.8704
Leaf.26.2,B3,2,Day 14,14,Leaf.26.2.Day 14,1,596.88,670.88,Leaf,26°,2,Leaf.26,0.67088
Leaf.26.2,B3,3,Day 14,14,Leaf.26.2.Day 14,1,548.46,622.46,Leaf,26°,2,Leaf.26,0.62246
Leaf.26.2,B3,4,Day 14,14,Leaf.26.2.Day 14,1,637,711,Leaf,26°,2,Leaf.26,0.711
Leaf.26.2,B3,5,Day 14,14,Leaf.26.2.Day 14,1,483.13,557.13,Leaf,26°,2,Leaf.26,0.55713
Leaf.20.2,B6,1,Day 14,14,Leaf.20.2.Day 14,1,465.52,539.52,Leaf,20°,2,Leaf.20,0.53952
Leaf.20.2,B6,2,Day 14,14,Leaf.20.2.Day 14,1,1014.1,1088.1,Leaf,20°,2,Leaf.20,1.0881
Leaf.20.2,B6,3,Day 14,14,Leaf.20.2.Day 14,1,967.5,1041.5,Leaf,20°,2,Leaf.20,1.0415
Leaf.20.2,B6,4,Day 14,14,Leaf.20.2.Day 14,1,1799.1,1873.1,Leaf,20°,2,Leaf.20,1.8731
Leaf.20.2,B6,5,Day 14,14,Leaf.20.2.Day 14,1,733.4,807.4,Leaf,20°,2,Leaf.20,0.8074
Leaf.20.3,C2,1,Day 14,14,Leaf.20.3.Day 14,1,836.4,910.4,Leaf,20°,3,Leaf.20,0.9104
Leaf.20.3,C2,2,Day 14,14,Leaf.20.3.Day 14,1,724.4,798.4,Leaf,20°,3,Leaf.20,0.7984
Leaf.20.3,C2,3,Day 14,14,Leaf.20.3.Day 14,1,835.3,909.3,Leaf,20°,3,Leaf.20,0.9093
Leaf.20.3,C2,4,Day 14,14,Leaf.20.3.Day 14,1,668.2,742.2,Leaf,20°,3,Leaf.20,0.7422
Leaf.20.3,C2,5,Day 14,14,Leaf.20.3.Day 14,1,936.9,1010.9,Leaf,20°,3,Leaf.20,1.0109
Leaf.23.3,C3,1,Day 14,14,Leaf.23.3.Day 14,1,540.57,614.57,Leaf,23°,3,Leaf.23,0.61457
Leaf.23.3,C3,2,Day 14,14,Leaf.23.3.Day 14,1,999.7,1073.7,Leaf,23°,3,Leaf.23,1.0737
Leaf.23.3,C3,3,Day 14,14,Leaf.23.3.Day 14,1,1198,1272,Leaf,23°,3,Leaf.23,1.272
Leaf.23.3,C3,4,Day 14,14,Leaf.23.3.Day 14,1,790.5,864.5,Leaf,23°,3,Leaf.23,0.8645
Leaf.23.3,C3,5,Day 14,14,Leaf.23.3.Day 14,1,948.6,1022.6,Leaf,23°,3,Leaf.23,1.0226
Leaf.26.3,C4,1,Day 14,14,Leaf.26.3.Day 14,1,541.45,615.45,Leaf,26°,3,Leaf.26,0.61545
Leaf.26.3,C4,2,Day 14,14,Leaf.26.3.Day 14,1,739.5,813.5,Leaf,26°,3,Leaf.26,0.8135
Leaf.26.3,C4,3,Day 14,14,Leaf.26.3.Day 14,1,530.81,604.81,Leaf,26°,3,Leaf.26,0.60481
Leaf.26.3,C4,4,Day 14,14,Leaf.26.3.Day 14,1,1441.2,1515.2,Leaf,26°,3,Leaf.26,1.5152
Leaf.26.3,C4,5,Day 14,14,Leaf.26.3.Day 14,1,1102.9,1176.9,Leaf,26°,3,Leaf.26,1.1769
Leaf.20.4,D1,1,Day 14,14,Leaf.20.4.Day 14,1,1697.3,1771.3,Leaf,20°,4,Leaf.20,1.7713
Leaf.20.4,D1,2,Day 14,14,Leaf.20.4.Day 14,1,1595.9,1669.9,Leaf,20°,4,Leaf.20,1.6699
Leaf.20.4,D1,3,Day 14,14,Leaf.20.4.Day 14,1,1796.7,1870.7,Leaf,20°,4,Leaf.20,1.8707
Leaf.20.4,D1,4,Day 14,14,Leaf.20.4.Day 14,1,332.51,406.51,Leaf,20°,4,Leaf.20,0.40651
Leaf.20.4,D1,5,Day 14,14,Leaf.20.4.Day 14,1,1603.2,1677.2,Leaf,20°,4,Leaf.20,1.6772
Leaf.26.4,D2,1,Day 14,14,Leaf.26.4.Day 14,1,716.6,790.6,Leaf,26°,4,Leaf.26,0.7906
Leaf.26.4,D2,2,Day 14,14,Leaf.26.4.Day 14,1,523.57,597.57,Leaf,26°,4,Leaf.26,0.59757
Leaf.26.4,D2,3,Day 14,14,Leaf.26.4.Day 14,1,413.11,487.11,Leaf,26°,4,Leaf.26,0.48711
Leaf.26.4,D2,4,Day 14,14,Leaf.26.4.Day 14,1,611.6,685.6,Leaf,26°,4,Leaf.26,0.6856
Leaf.26.4,D2,5,Day 14,14,Leaf.26.4.Day 14,1,860.6,934.6,Leaf,26°,4,Leaf.26,0.9346
Leaf.23.4,D4,1,Day 14,14,Leaf.23.4.Day 14,1,467.3,541.3,Leaf,23°,4,Leaf.23,0.5413
Leaf.23.4,D4,2,Day 14,14,Leaf.23.4.Day 14,1,665.4,739.4,Leaf,23°,4,Leaf.23,0.7394
Leaf.23.4,D4,3,Day 14,14,Leaf.23.4.Day 14,1,675.7,749.7,Leaf,23°,4,Leaf.23,0.7497
Leaf.23.4,D4,4,Day 14,14,Leaf.23.4.Day 14,1,779.8,853.8,Leaf,23°,4,Leaf.23,0.8538
Leaf.23.4,D4,5,Day 14,14,Leaf.23.4.Day 14,1,815.5,889.5,Leaf,23°,4,Leaf.23,0.8895
Leaf.23.1,A1,1,Day 21,21,Leaf.23.1.Day 21,1,751.3,825.3,Leaf,23°,1,Leaf.23,0.8253
Leaf.23.1,A1,2,Day 21,21,Leaf.23.1.Day 21,1,954.3,1028.3,Leaf,23°,1,Leaf.23,1.0283
Leaf.23.1,A1,3,Day 21,21,Leaf.23.1.Day 21,1,683.4,757.4,Leaf,23°,1,Leaf.23,0.7574
Leaf.23.1,A1,4,Day 21,21,Leaf.23.1.Day 21,1,936.3,1010.3,Leaf,23°,1,Leaf.23,1.0103
Leaf.23.1,A1,5,Day 21,21,Leaf.23.1.Day 21,1,677.9,751.9,Leaf,23°,1,Leaf.23,0.7519
Leaf.26.1,A2,1,Day 21,21,Leaf.26.1.Day 21,1,183.35,257.35,Leaf,26°,1,Leaf.26,0.25735
Leaf.26.1,A2,2,Day 21,21,Leaf.26.1.Day 21,1,630.6,704.6,Leaf,26°,1,Leaf.26,0.7046
Leaf.26.1,A2,3,Day 21,21,Leaf.26.1.Day 21,1,311.88,385.88,Leaf,26°,1,Leaf.26,0.38588
Leaf.26.1,A2,4,Day 21,21,Leaf.26.1.Day 21,1,625.3,699.3,Leaf,26°,1,Leaf.26,0.6993
Leaf.26.1,A2,5,Day 21,21,Leaf.26.1.Day 21,1,455.28,529.28,Leaf,26°,1,Leaf.26,0.52928
Leaf.20.1,A4,1,Day 21,21,Leaf.20.1.Day 21,1,583.9,657.9,Leaf,20°,1,Leaf.20,0.6579
Leaf.20.1,A4,2,Day 21,21,Leaf.20.1.Day 21,1,654.1,728.1,Leaf,20°,1,Leaf.20,0.7281
Leaf.20.1,A4,3,Day 21,21,Leaf.20.1.Day 21,1,918.8,992.8,Leaf,20°,1,Leaf.20,0.9928
Leaf.20.1,A4,4,Day 21,21,Leaf.20.1.Day 21,1,571.03,645.03,Leaf,20°,1,Leaf.20,0.64503
Leaf.20.1,A4,5,Day 21,21,Leaf.20.1.Day 21,1,750.9,824.9,Leaf,20°,1,Leaf.20,0.8249
Leaf.23.2,B2,1,Day 21,21,Leaf.23.2.Day 21,1,655.1,729.1,Leaf,23°,2,Leaf.23,0.7291
Leaf.23.2,B2,2,Day 21,21,Leaf.23.2.Day 21,1,640.3,714.3,Leaf,23°,2,Leaf.23,0.7143
Leaf.23.2,B2,3,Day 21,21,Leaf.23.2.Day 21,1,462.16,536.16,Leaf,23°,2,Leaf.23,0.53616
Leaf.23.2,B2,4,Day 21,21,Leaf.23.2.Day 21,1,279.68,353.68,Leaf,23°,2,Leaf.23,0.35368
Leaf.23.2,B2,5,Day 21,21,Leaf.23.2.Day 21,1,454.09,528.09,Leaf,23°,2,Leaf.23,0.52809
Leaf.26.2,B3,1,Day 21,21,Leaf.26.2.Day 21,1,491.76,565.76,Leaf,26°,2,Leaf.26,0.56576
Leaf.26.2,B3,2,Day 21,21,Leaf.26.2.Day 21,1,428.75,502.75,Leaf,26°,2,Leaf.26,0.50275
Leaf.26.2,B3,3,Day 21,21,Leaf.26.2.Day 21,1,639.2,713.2,Leaf,26°,2,Leaf.26,0.7132
Leaf.26.2,B3,4,Day 21,21,Leaf.26.2.Day 21,1,598.41,672.41,Leaf,26°,2,Leaf.26,0.67241
Leaf.26.2,B3,5,Day 21,21,Leaf.26.2.Day 21,1,323.85,397.85,Leaf,26°,2,Leaf.26,0.39785
Leaf.20.2,B6,1,Day 21,21,Leaf.20.2.Day 21,1,802,876,Leaf,20°,2,Leaf.20,0.876
Leaf.20.2,B6,2,Day 21,21,Leaf.20.2.Day 21,1,551.62,625.62,Leaf,20°,2,Leaf.20,0.62562
Leaf.20.2,B6,3,Day 21,21,Leaf.20.2.Day 21,1,335.8,409.8,Leaf,20°,2,Leaf.20,0.4098
Leaf.20.2,B6,4,Day 21,21,Leaf.20.2.Day 21,1,774.3,848.3,Leaf,20°,2,Leaf.20,0.8483
Leaf.20.2,B6,5,Day 21,21,Leaf.20.2.Day 21,1,426.81,500.81,Leaf,20°,2,Leaf.20,0.50081
Leaf.20.3,C2,1,Day 21,21,Leaf.20.3.Day 21,1,867.5,941.5,Leaf,20°,3,Leaf.20,0.9415
Leaf.20.3,C2,2,Day 21,21,Leaf.20.3.Day 21,1,673.5,747.5,Leaf,20°,3,Leaf.20,0.7475
Leaf.20.3,C2,3,Day 21,21,Leaf.20.3.Day 21,1,637,711,Leaf,20°,3,Leaf.20,0.711
Leaf.20.3,C2,4,Day 21,21,Leaf.20.3.Day 21,1,514.39,588.39,Leaf,20°,3,Leaf.20,0.58839
Leaf.20.3,C2,5,Day 21,21,Leaf.20.3.Day 21,1,582.12,656.12,Leaf,20°,3,Leaf.20,0.65612
Leaf.23.3,C3,1,Day 21,21,Leaf.23.3.Day 21,1,423.69,497.69,Leaf,23°,3,Leaf.23,0.49769
Leaf.23.3,C3,2,Day 21,21,Leaf.23.3.Day 21,1,442.72,516.72,Leaf,23°,3,Leaf.23,0.51672
Leaf.23.3,C3,3,Day 21,21,Leaf.23.3.Day 21,1,317.14,391.14,Leaf,23°,3,Leaf.23,0.39114
Leaf.23.3,C3,4,Day 21,21,Leaf.23.3.Day 21,1,681.9,755.9,Leaf,23°,3,Leaf.23,0.7559
Leaf.23.3,C3,5,Day 21,21,Leaf.23.3.Day 21,1,678.9,752.9,Leaf,23°,3,Leaf.23,0.7529
Leaf.26.3,C4,1,Day 21,21,Leaf.26.3.Day 21,1,582.45,656.45,Leaf,26°,3,Leaf.26,0.65645
Leaf.26.3,C4,2,Day 21,21,Leaf.26.3.Day 21,1,740.3,814.3,Leaf,26°,3,Leaf.26,0.8143
Leaf.26.3,C4,3,Day 21,21,Leaf.26.3.Day 21,1,776.6,850.6,Leaf,26°,3,Leaf.26,0.8506
Leaf.26.3,C4,4,Day 21,21,Leaf.26.3.Day 21,1,559.23,633.23,Leaf,26°,3,Leaf.26,0.63323
Leaf.26.3,C4,5,Day 21,21,Leaf.26.3.Day 21,1,441.45,515.45,Leaf,26°,3,Leaf.26,0.51545
Leaf.20.4,D1,1,Day 21,21,Leaf.20.4.Day 21,1,861.5,935.5,Leaf,20°,4,Leaf.20,0.9355
Leaf.20.4,D1,2,Day 21,21,Leaf.20.4.Day 21,1,543.78,617.78,Leaf,20°,4,Leaf.20,0.61778
Leaf.20.4,D1,3,Day 21,21,Leaf.20.4.Day 21,1,526.36,600.36,Leaf,20°,4,Leaf.20,0.60036
Leaf.20.4,D1,4,Day 21,21,Leaf.20.4.Day 21,1,627.7,701.7,Leaf,20°,4,Leaf.20,0.7017
Leaf.20.4,D1,5,Day 21,21,Leaf.20.4.Day 21,1,450.7,524.7,Leaf,20°,4,Leaf.20,0.5247
Leaf.26.4,D2,1,Day 21,21,Leaf.26.4.Day 21,1,737.7,811.7,Leaf,26°,4,Leaf.26,0.8117
Leaf.26.4,D2,2,Day 21,21,Leaf.26.4.Day 21,1,752,826,Leaf,26°,4,Leaf.26,0.826
Leaf.26.4,D2,3,Day 21,21,Leaf.26.4.Day 21,1,733.1,807.1,Leaf,26°,4,Leaf.26,0.8071
Leaf.26.4,D2,4,Day 21,21,Leaf.26.4.Day 21,1,463.72,537.72,Leaf,26°,4,Leaf.26,0.53772
Leaf.26.4,D2,5,Day 21,21,Leaf.26.4.Day 21,1,647.1,721.1,Leaf,26°,4,Leaf.26,0.7211
Leaf.23.4,D4,1,Day 21,21,Leaf.23.4.Day 21,1,656.8,730.8,Leaf,23°,4,Leaf.23,0.7308
Leaf.23.4,D4,2,Day 21,21,Leaf.23.4.Day 21,1,428.36,502.36,Leaf,23°,4,Leaf.23,0.50236
Leaf.23.4,D4,3,Day 21,21,Leaf.23.4.Day 21,1,353.79,427.79,Leaf,23°,4,Leaf.23,0.42779
Leaf.23.4,D4,4,Day 21,21,Leaf.23.4.Day 21,1,604.8,678.8,Leaf,23°,4,Leaf.23,0.6788
Leaf.23.4,D4,5,Day 21,21,Leaf.23.4.Day 21,1,527.02,601.02,Leaf,23°,4,Leaf.23,0.60102
Leaf.23.1,A1,1,Day 1,1,Leaf.23.1.Day 1,1,1145.5,1219.5,Leaf,23°,1,Leaf.23,1.2195
Leaf.23.1,A1,2,Day 1,1,Leaf.23.1.Day 1,1,824.8,898.8,Leaf,23°,1,Leaf.23,0.8988
Leaf.23.1,A1,3,Day 1,1,Leaf.23.1.Day 1,1,878.2,952.2,Leaf,23°,1,Leaf.23,0.9522
Leaf.23.1,A1,4,Day 1,1,Leaf.23.1.Day 1,1,1499.4,1573.4,Leaf,23°,1,Leaf.23,1.5734
Leaf.23.1,A1,5,Day 1,1,Leaf.23.1.Day 1,1,1583.8,1657.8,Leaf,23°,1,Leaf.23,1.6578
Leaf.26.1,A2,1,Day 1,1,Leaf.26.1.Day 1,1,1809,1883,Leaf,26°,1,Leaf.26,1.883
Leaf.26.1,A2,2,Day 1,1,Leaf.26.1.Day 1,1,1770.6,1844.6,Leaf,26°,1,Leaf.26,1.8446
Leaf.26.1,A2,3,Day 1,1,Leaf.26.1.Day 1,1,1360.5,1434.5,Leaf,26°,1,Leaf.26,1.4345
Leaf.26.1,A2,4,Day 1,1,Leaf.26.1.Day 1,1,1111.7,1185.7,Leaf,26°,1,Leaf.26,1.1857
Leaf.20.1,A4,1,Day 1,1,Leaf.20.1.Day 1,1,1041.8,1115.8,Leaf,20°,1,Leaf.20,1.1158
Leaf.20.1,A4,2,Day 1,1,Leaf.20.1.Day 1,1,1769.6,1843.6,Leaf,20°,1,Leaf.20,1.8436
Leaf.20.1,A4,3,Day 1,1,Leaf.20.1.Day 1,1,1006.8,1080.8,Leaf,20°,1,Leaf.20,1.0808
Leaf.20.1,A4,4,Day 1,1,Leaf.20.1.Day 1,1,1181.7,1255.7,Leaf,20°,1,Leaf.20,1.2557
Leaf.20.1,A4,5,Day 1,1,Leaf.20.1.Day 1,1,1257.2,1331.2,Leaf,20°,1,Leaf.20,1.3312
Leaf.23.2,B2,1,Day 1,1,Leaf.23.2.Day 1,1,1282.3,1356.3,Leaf,23°,2,Leaf.23,1.3563
Leaf.23.2,B2,2,Day 1,1,Leaf.23.2.Day 1,1,853.3,927.3,Leaf,23°,2,Leaf.23,0.9273
Leaf.23.2,B2,3,Day 1,1,Leaf.23.2.Day 1,1,1297.1,1371.1,Leaf,23°,2,Leaf.23,1.3711
Leaf.23.2,B2,4,Day 1,1,Leaf.23.2.Day 1,1,881.4,955.4,Leaf,23°,2,Leaf.23,0.9554
Leaf.23.2,B2,5,Day 1,1,Leaf.23.2.Day 1,1,766.1,840.1,Leaf,23°,2,Leaf.23,0.8401
Leaf.26.2,B3,1,Day 1,1,Leaf.26.2.Day 1,1,1021.5,1095.5,Leaf,26°,2,Leaf.26,1.0955
Leaf.26.2,B3,2,Day 1,1,Leaf.26.2.Day 1,1,1313,1387,Leaf,26°,2,Leaf.26,1.387
Leaf.26.2,B3,3,Day 1,1,Leaf.26.2.Day 1,1,1106.2,1180.2,Leaf,26°,2,Leaf.26,1.1802
Leaf.26.2,B3,4,Day 1,1,Leaf.26.2.Day 1,1,851.1,925.1,Leaf,26°,2,Leaf.26,0.9251
Leaf.26.2,B3,5,Day 1,1,Leaf.26.2.Day 1,1,1392.2,1466.2,Leaf,26°,2,Leaf.26,1.4662
Leaf.20.2,B6,1,Day 1,1,Leaf.20.2.Day 1,1,1143.3,1217.3,Leaf,20°,2,Leaf.20,1.2173
Leaf.20.2,B6,2,Day 1,1,Leaf.20.2.Day 1,1,1304,1378,Leaf,20°,2,Leaf.20,1.378
Leaf.20.3,C2,1,Day 1,1,Leaf.20.3.Day 1,1,1809.8,1883.8,Leaf,20°,3,Leaf.20,1.8838
Leaf.20.3,C2,2,Day 1,1,Leaf.20.3.Day 1,1,1436.7,1510.7,Leaf,20°,3,Leaf.20,1.5107
Leaf.20.3,C2,3,Day 1,1,Leaf.20.3.Day 1,1,1125.4,1199.4,Leaf,20°,3,Leaf.20,1.1994
Leaf.20.3,C2,4,Day 1,1,Leaf.20.3.Day 1,1,473.1,547.1,Leaf,20°,3,Leaf.20,0.5471
Leaf.20.3,C2,5,Day 1,1,Leaf.20.3.Day 1,1,1445.1,1519.1,Leaf,20°,3,Leaf.20,1.5191
Leaf.20.3,C2,6,Day 1,1,Leaf.20.3.Day 1,1,1657.7,1731.7,Leaf,20°,3,Leaf.20,1.7317
Leaf.23.3,C3,1,Day 1,1,Leaf.23.3.Day 1,1,1451.9,1525.9,Leaf,23°,3,Leaf.23,1.5259
Leaf.23.3,C3,2,Day 1,1,Leaf.23.3.Day 1,1,1794.8,1868.8,Leaf,23°,3,Leaf.23,1.8688
Leaf.23.3,C3,3,Day 1,1,Leaf.23.3.Day 1,1,1024.7,1098.7,Leaf,23°,3,Leaf.23,1.0987
Leaf.23.3,C3,4,Day 1,1,Leaf.23.3.Day 1,1,1184.5,1258.5,Leaf,23°,3,Leaf.23,1.2585
Leaf.26.3,C4,1,Day 1,1,Leaf.26.3.Day 1,1,673,747,Leaf,26°,3,Leaf.26,0.747
Leaf.26.3,C4,2,Day 1,1,Leaf.26.3.Day 1,1,1561.3,1635.3,Leaf,26°,3,Leaf.26,1.6353
Leaf.26.3,C4,3,Day 1,1,Leaf.26.3.Day 1,1,1401.6,1475.6,Leaf,26°,3,Leaf.26,1.4756
Leaf.26.3,C4,4,Day 1,1,Leaf.26.3.Day 1,1,951,1025,Leaf,26°,3,Leaf.26,1.025
Leaf.20.4,D1,1,Day 1,1,Leaf.20.4.Day 1,1,464.26,538.26,Leaf,20°,4,Leaf.20,0.53826
Leaf.20.4,D1,2,Day 1,1,Leaf.20.4.Day 1,1,301.82,375.82,Leaf,20°,4,Leaf.20,0.37582
Leaf.20.4,D1,3,Day 1,1,Leaf.20.4.Day 1,1,1497.8,1571.8,Leaf,20°,4,Leaf.20,1.5718
Leaf.20.4,D1,4,Day 1,1,Leaf.20.4.Day 1,1,1805.2,1879.2,Leaf,20°,4,Leaf.20,1.8792
Leaf.26.4,D2,1,Day 1,1,Leaf.26.4.Day 1,1,159.07,233.07,Leaf,26°,4,Leaf.26,0.23307
Leaf.26.4,D2,2,Day 1,1,Leaf.26.4.Day 1,1,1227.2,1301.2,Leaf,26°,4,Leaf.26,1.3012
Leaf.26.4,D2,3,Day 1,1,Leaf.26.4.Day 1,1,258.83,332.83,Leaf,26°,4,Leaf.26,0.33283
Leaf.23.4,D4,1,Day 1,1,Leaf.23.4.Day 1,1,1102.9,1176.9,Leaf,23°,4,Leaf.23,1.1769
Leaf.23.4,D4,2,Day 1,1,Leaf.23.4.Day 1,1,1217.4,1291.4,Leaf,23°,4,Leaf.23,1.2914
Leaf.23.4,D4,3,Day 1,1,Leaf.23.4.Day 1,1,801.4,875.4,Leaf,23°,4,Leaf.23,0.8754
Leaf.23.4,D4,4,Day 1,1,Leaf.23.4.Day 1,1,1658.2,1732.2,Leaf,23°,4,Leaf.23,1.7322
Leaf.23.1,A1,1,Day 7,7,Leaf.23.1.Day 7,1,1506.9,1580.9,Leaf,23°,1,Leaf.23,1.5809
Leaf.23.1,A1,2,Day 7,7,Leaf.23.1.Day 7,1,1497,1571,Leaf,23°,1,Leaf.23,1.571
Leaf.23.1,A1,3,Day 7,7,Leaf.23.1.Day 7,1,1223.3,1297.3,Leaf,23°,1,Leaf.23,1.2973
Leaf.23.1,A1,4,Day 7,7,Leaf.23.1.Day 7,1,1006.6,1080.6,Leaf,23°,1,Leaf.23,1.0806
Leaf.23.1,A1,5,Day 7,7,Leaf.23.1.Day 7,1,1210.8,1284.8,Leaf,23°,1,Leaf.23,1.2848
Leaf.26.1,A2,1,Day 7,7,Leaf.26.1.Day 7,1,970.8,1044.8,Leaf,26°,1,Leaf.26,1.0448
Leaf.26.1,A2,2,Day 7,7,Leaf.26.1.Day 7,1,1128.1,1202.1,Leaf,26°,1,Leaf.26,1.2021
Leaf.26.1,A2,3,Day 7,7,Leaf.26.1.Day 7,1,1388.1,1462.1,Leaf,26°,1,Leaf.26,1.4621
Leaf.26.1,A2,4,Day 7,7,Leaf.26.1.Day 7,1,767,841,Leaf,26°,1,Leaf.26,0.841
Leaf.26.1,A2,5,Day 7,7,Leaf.26.1.Day 7,1,640.1,714.1,Leaf,26°,1,Leaf.26,0.7141
Leaf.20.1,A4,1,Day 7,7,Leaf.20.1.Day 7,1,643.2,717.2,Leaf,20°,1,Leaf.20,0.7172
Leaf.20.1,A4,2,Day 7,7,Leaf.20.1.Day 7,1,998.1,1072.1,Leaf,20°,1,Leaf.20,1.0721
Leaf.20.1,A4,3,Day 7,7,Leaf.20.1.Day 7,1,640.3,714.3,Leaf,20°,1,Leaf.20,0.7143
Leaf.20.1,A4,4,Day 7,7,Leaf.20.1.Day 7,1,547.49,621.49,Leaf,20°,1,Leaf.20,0.62149
Leaf.20.1,A4,5,Day 7,7,Leaf.20.1.Day 7,1,458.26,532.26,Leaf,20°,1,Leaf.20,0.53226
Leaf.23.2,B2,1,Day 7,7,Leaf.23.2.Day 7,1,659.4,733.4,Leaf,23°,2,Leaf.23,0.7334
Leaf.23.2,B2,2,Day 7,7,Leaf.23.2.Day 7,1,805.4,879.4,Leaf,23°,2,Leaf.23,0.8794
Leaf.23.2,B2,3,Day 7,7,Leaf.23.2.Day 7,1,886.5,960.5,Leaf,23°,2,Leaf.23,0.9605
Leaf.23.2,B2,4,Day 7,7,Leaf.23.2.Day 7,1,932.1,1006.1,Leaf,23°,2,Leaf.23,1.0061
Leaf.23.2,B2,5,Day 7,7,Leaf.23.2.Day 7,1,1065.4,1139.4,Leaf,23°,2,Leaf.23,1.1394
Leaf.26.2,B3,1,Day 7,7,Leaf.26.2.Day 7,1,822.6,896.6,Leaf,26°,2,Leaf.26,0.8966
Leaf.26.2,B3,2,Day 7,7,Leaf.26.2.Day 7,1,521.77,595.77,Leaf,26°,2,Leaf.26,0.59577
Leaf.26.2,B3,3,Day 7,7,Leaf.26.2.Day 7,1,963.3,1037.3,Leaf,26°,2,Leaf.26,1.0373
Leaf.26.2,B3,4,Day 7,7,Leaf.26.2.Day 7,1,684.1,758.1,Leaf,26°,2,Leaf.26,0.7581
Leaf.26.2,B3,5,Day 7,7,Leaf.26.2.Day 7,1,1214,1288,Leaf,26°,2,Leaf.26,1.288
Leaf.20.2,B6,1,Day 7,7,Leaf.20.2.Day 7,1,1424.2,1498.2,Leaf,20°,2,Leaf.20,1.4982
Leaf.20.2,B6,2,Day 7,7,Leaf.20.2.Day 7,1,1023,1097,Leaf,20°,2,Leaf.20,1.097
Leaf.20.2,B6,3,Day 7,7,Leaf.20.2.Day 7,1,1003.8,1077.8,Leaf,20°,2,Leaf.20,1.0778
Leaf.20.2,B6,4,Day 7,7,Leaf.20.2.Day 7,1,1198.7,1272.7,Leaf,20°,2,Leaf.20,1.2727
Leaf.20.2,B6,5,Day 7,7,Leaf.20.2.Day 7,1,608.9,682.9,Leaf,20°,2,Leaf.20,0.6829
Leaf.20.3,C2,1,Day 7,7,Leaf.20.3.Day 7,1,844.1,918.1,Leaf,20°,3,Leaf.20,0.9181
Leaf.20.3,C2,2,Day 7,7,Leaf.20.3.Day 7,1,838.2,912.2,Leaf,20°,3,Leaf.20,0.9122
Leaf.20.3,C2,3,Day 7,7,Leaf.20.3.Day 7,1,614.4,688.4,Leaf,20°,3,Leaf.20,0.6884
Leaf.20.3,C2,4,Day 7,7,Leaf.20.3.Day 7,1,1010.3,1084.3,Leaf,20°,3,Leaf.20,1.0843
Leaf.20.3,C2,5,Day 7,7,Leaf.20.3.Day 7,1,895.9,969.9,Leaf,20°,3,Leaf.20,0.9699
Leaf.23.3,C3,1,Day 7,7,Leaf.23.3.Day 7,1,1529.6,1603.6,Leaf,23°,3,Leaf.23,1.6036
Leaf.23.3,C3,2,Day 7,7,Leaf.23.3.Day 7,1,1027.6,1101.6,Leaf,23°,3,Leaf.23,1.1016
Leaf.23.3,C3,3,Day 7,7,Leaf.23.3.Day 7,1,1027.9,1101.9,Leaf,23°,3,Leaf.23,1.1019
Leaf.23.3,C3,4,Day 7,7,Leaf.23.3.Day 7,1,1196.5,1270.5,Leaf,23°,3,Leaf.23,1.2705
Leaf.23.3,C3,5,Day 7,7,Leaf.23.3.Day 7,1,534.67,608.67,Leaf,23°,3,Leaf.23,0.60867
Leaf.26.3,C4,1,Day 7,7,Leaf.26.3.Day 7,1,1701.7,1775.7,Leaf,26°,3,Leaf.26,1.7757
Leaf.26.3,C4,2,Day 7,7,Leaf.26.3.Day 7,1,1013,1087,Leaf,26°,3,Leaf.26,1.087
Leaf.26.3,C4,3,Day 7,7,Leaf.26.3.Day 7,1,664.2,738.2,Leaf,26°,3,Leaf.26,0.7382
Leaf.26.3,C4,4,Day 7,7,Leaf.26.3.Day 7,1,977.4,1051.4,Leaf,26°,3,Leaf.26,1.0514
Leaf.26.3,C4,5,Day 7,7,Leaf.26.3.Day 7,1,492.3,566.3,Leaf,26°,3,Leaf.26,0.5663
Leaf.20.4,D1,1,Day 7,7,Leaf.20.4.Day 7,1,1369.7,1443.7,Leaf,20°,4,Leaf.20,1.4437
Leaf.20.4,D1,2,Day 7,7,Leaf.20.4.Day 7,1,610.8,684.8,Leaf,20°,4,Leaf.20,0.6848
Leaf.20.4,D1,3,Day 7,7,Leaf.20.4.Day 7,1,441.21,515.21,Leaf,20°,4,Leaf.20,0.51521
Leaf.20.4,D1,4,Day 7,7,Leaf.20.4.Day 7,1,1026.8,1100.8,Leaf,20°,4,Leaf.20,1.1008
Leaf.20.4,D1,5,Day 7,7,Leaf.20.4.Day 7,1,883.3,957.3,Leaf,20°,4,Leaf.20,0.9573
Leaf.26.4,D2,1,Day 7,7,Leaf.26.4.Day 7,1,1235.4,1309.4,Leaf,26°,4,Leaf.26,1.3094
Leaf.26.4,D2,2,Day 7,7,Leaf.26.4.Day 7,1,1030.8,1104.8,Leaf,26°,4,Leaf.26,1.1048
Leaf.26.4,D2,3,Day 7,7,Leaf.26.4.Day 7,1,1010.7,1084.7,Leaf,26°,4,Leaf.26,1.0847
Leaf.26.4,D2,4,Day 7,7,Leaf.26.4.Day 7,1,883.6,957.6,Leaf,26°,4,Leaf.26,0.9576
Leaf.26.4,D2,5,Day 7,7,Leaf.26.4.Day 7,1,706.1,780.1,Leaf,26°,4,Leaf.26,0.7801
Leaf.23.4,D4,1,Day 7,7,Leaf.23.4.Day 7,1,1089.9,1163.9,Leaf,23°,4,Leaf.23,1.1639
Leaf.23.4,D4,2,Day 7,7,Leaf.23.4.Day 7,1,640.7,714.7,Leaf,23°,4,Leaf.23,0.7147
Leaf.23.4,D4,3,Day 7,7,Leaf.23.4.Day 7,1,1538,1612,Leaf,23°,4,Leaf.23,1.612
Leaf.23.4,D4,4,Day 7,7,Leaf.23.4.Day 7,1,553.87,627.87,Leaf,23°,4,Leaf.23,0.62787
Leaf.23.4,D4,5,Day 7,7,Leaf.23.4.Day 7,1,469.62,543.62,Leaf,23°,4,Leaf.23,0.54362
Leaf.23.1,A1,1,Day 14,14,Leaf.23.1.Day 14,2,174.28,248.28,Leaf,23°,1,Leaf.23,0.24828
Leaf.23.1,A1,2,Day 14,14,Leaf.23.1.Day 14,2,1145.3,1219.3,Leaf,23°,1,Leaf.23,1.2193
Leaf.23.1,A1,3,Day 14,14,Leaf.23.1.Day 14,2,515.7,589.7,Leaf,23°,1,Leaf.23,0.5897
Leaf.23.1,A1,4,Day 14,14,Leaf.23.1.Day 14,2,510.85,584.85,Leaf,23°,1,Leaf.23,0.58485
Leaf.23.1,A1,5,Day 14,14,Leaf.23.1.Day 14,2,803.5,877.5,Leaf,23°,1,Leaf.23,0.8775
Leaf.26.1,A2,1,Day 14,14,Leaf.26.1.Day 14,2,773.9,847.9,Leaf,26°,1,Leaf.26,0.8479
Leaf.26.1,A2,2,Day 14,14,Leaf.26.1.Day 14,2,444.64,518.64,Leaf,26°,1,Leaf.26,0.51864
Leaf.26.1,A2,3,Day 14,14,Leaf.26.1.Day 14,2,724.2,798.2,Leaf,26°,1,Leaf.26,0.7982
Leaf.26.1,A2,4,Day 14,14,Leaf.26.1.Day 14,2,1125.5,1199.5,Leaf,26°,1,Leaf.26,1.1995
Leaf.26.1,A2,5,Day 14,14,Leaf.26.1.Day 14,2,584.2,658.2,Leaf,26°,1,Leaf.26,0.6582
Leaf.20.1,A4,1,Day 14,14,Leaf.20.1.Day 14,2,684.5,758.5,Leaf,20°,1,Leaf.20,0.7585
Leaf.20.1,A4,2,Day 14,14,Leaf.20.1.Day 14,2,749.2,823.2,Leaf,20°,1,Leaf.20,0.8232
Leaf.20.1,A4,3,Day 14,14,Leaf.20.1.Day 14,2,943.6,1017.6,Leaf,20°,1,Leaf.20,1.0176
Leaf.20.1,A4,4,Day 14,14,Leaf.20.1.Day 14,2,593.98,667.98,Leaf,20°,1,Leaf.20,0.66798
Leaf.20.1,A4,5,Day 14,14,Leaf.20.1.Day 14,2,1079.1,1153.1,Leaf,20°,1,Leaf.20,1.1531
Leaf.23.2,B2,1,Day 14,14,Leaf.23.2.Day 14,2,602.1,676.1,Leaf,23°,2,Leaf.23,0.6761
Leaf.23.2,B2,2,Day 14,14,Leaf.23.2.Day 14,2,1019.1,1093.1,Leaf,23°,2,Leaf.23,1.0931
Leaf.23.2,B2,3,Day 14,14,Leaf.23.2.Day 14,2,934.5,1008.5,Leaf,23°,2,Leaf.23,1.0085
Leaf.23.2,B2,4,Day 14,14,Leaf.23.2.Day 14,2,565.37,639.37,Leaf,23°,2,Leaf.23,0.63937
Leaf.23.2,B2,5,Day 14,14,Leaf.23.2.Day 14,2,716.7,790.7,Leaf,23°,2,Leaf.23,0.7907
Leaf.26.2,B3,1,Day 14,14,Leaf.26.2.Day 14,2,700.9,774.9,Leaf,26°,2,Leaf.26,0.7749
Leaf.26.2,B3,2,Day 14,14,Leaf.26.2.Day 14,2,596.89,670.89,Leaf,26°,2,Leaf.26,0.67089
Leaf.26.2,B3,3,Day 14,14,Leaf.26.2.Day 14,2,548.48,622.48,Leaf,26°,2,Leaf.26,0.62248
Leaf.26.2,B3,4,Day 14,14,Leaf.26.2.Day 14,2,483.14,557.14,Leaf,26°,2,Leaf.26,0.55714
Leaf.26.2,B3,5,Day 14,14,Leaf.26.2.Day 14,2,480.1,554.1,Leaf,26°,2,Leaf.26,0.5541
Leaf.20.2,B6,1,Day 14,14,Leaf.20.2.Day 14,2,684.1,758.1,Leaf,20°,2,Leaf.20,0.7581
Leaf.20.2,B6,2,Day 14,14,Leaf.20.2.Day 14,2,950.9,1024.9,Leaf,20°,2,Leaf.20,1.0249
Leaf.20.2,B6,3,Day 14,14,Leaf.20.2.Day 14,2,1556.8,1630.8,Leaf,20°,2,Leaf.20,1.6308
Leaf.20.2,B6,4,Day 14,14,Leaf.20.2.Day 14,2,844.4,918.4,Leaf,20°,2,Leaf.20,0.9184
Leaf.20.2,B6,5,Day 14,14,Leaf.20.2.Day 14,2,645.3,719.3,Leaf,20°,2,Leaf.20,0.7193
Leaf.20.3,C2,1,Day 14,14,Leaf.20.3.Day 14,2,811.6,885.6,Leaf,20°,3,Leaf.20,0.8856
Leaf.20.3,C2,2,Day 14,14,Leaf.20.3.Day 14,2,722.4,796.4,Leaf,20°,3,Leaf.20,0.7964
Leaf.20.3,C2,3,Day 14,14,Leaf.20.3.Day 14,2,835.3,909.3,Leaf,20°,3,Leaf.20,0.9093
Leaf.20.3,C2,4,Day 14,14,Leaf.20.3.Day 14,2,1120.4,1194.4,Leaf,20°,3,Leaf.20,1.1944
Leaf.20.3,C2,5,Day 14,14,Leaf.20.3.Day 14,2,815.7,889.7,Leaf,20°,3,Leaf.20,0.8897
Leaf.23.3,C3,1,Day 14,14,Leaf.23.3.Day 14,2,286.12,360.12,Leaf,23°,3,Leaf.23,0.36012
Leaf.23.3,C3,2,Day 14,14,Leaf.23.3.Day 14,2,238.64,312.64,Leaf,23°,3,Leaf.23,0.31264
Leaf.23.3,C3,3,Day 14,14,Leaf.23.3.Day 14,2,1583.5,1657.5,Leaf,23°,3,Leaf.23,1.6575
Leaf.23.3,C3,4,Day 14,14,Leaf.23.3.Day 14,2,737.8,811.8,Leaf,23°,3,Leaf.23,0.8118
Leaf.23.3,C3,5,Day 14,14,Leaf.23.3.Day 14,2,761.6,835.6,Leaf,23°,3,Leaf.23,0.8356
Leaf.26.3,C4,1,Day 14,14,Leaf.26.3.Day 14,2,809.5,883.5,Leaf,26°,3,Leaf.26,0.8835
Leaf.26.3,C4,2,Day 14,14,Leaf.26.3.Day 14,2,713.7,787.7,Leaf,26°,3,Leaf.26,0.7877
Leaf.26.3,C4,3,Day 14,14,Leaf.26.3.Day 14,2,682.6,756.6,Leaf,26°,3,Leaf.26,0.7566
Leaf.26.3,C4,4,Day 14,14,Leaf.26.3.Day 14,2,824.2,898.2,Leaf,26°,3,Leaf.26,0.8982
Leaf.26.3,C4,5,Day 14,14,Leaf.26.3.Day 14,2,1058.3,1132.3,Leaf,26°,3,Leaf.26,1.1323
Leaf.20.4,D1,1,Day 14,14,Leaf.20.4.Day 14,2,806.5,880.5,Leaf,20°,4,Leaf.20,0.8805
Leaf.20.4,D1,2,Day 14,14,Leaf.20.4.Day 14,2,1103.9,1177.9,Leaf,20°,4,Leaf.20,1.1779
Leaf.20.4,D1,3,Day 14,14,Leaf.20.4.Day 14,2,1790.1,1864.1,Leaf,20°,4,Leaf.20,1.8641
Leaf.20.4,D1,4,Day 14,14,Leaf.20.4.Day 14,2,328.7,402.7,Leaf,20°,4,Leaf.20,0.4027
Leaf.20.4,D1,5,Day 14,14,Leaf.20.4.Day 14,2,716.9,790.9,Leaf,20°,4,Leaf.20,0.7909
Leaf.26.4,D2,1,Day 14,14,Leaf.26.4.Day 14,2,715.3,789.3,Leaf,26°,4,Leaf.26,0.7893
Leaf.26.4,D2,2,Day 14,14,Leaf.26.4.Day 14,2,553.2,627.2,Leaf,26°,4,Leaf.26,0.6272
Leaf.26.4,D2,3,Day 14,14,Leaf.26.4.Day 14,2,389.62,463.62,Leaf,26°,4,Leaf.26,0.46362
Leaf.26.4,D2,4,Day 14,14,Leaf.26.4.Day 14,2,528.56,602.56,Leaf,26°,4,Leaf.26,0.60256
Leaf.26.4,D2,5,Day 14,14,Leaf.26.4.Day 14,2,815.3,889.3,Leaf,26°,4,Leaf.26,0.8893
Leaf.23.4,D4,1,Day 14,14,Leaf.23.4.Day 14,2,669.3,743.3,Leaf,23°,4,Leaf.23,0.7433
Leaf.23.4,D4,2,Day 14,14,Leaf.23.4.Day 14,2,899.2,973.2,Leaf,23°,4,Leaf.23,0.9732
Leaf.23.4,D4,3,Day 14,14,Leaf.23.4.Day 14,2,660.9,734.9,Leaf,23°,4,Leaf.23,0.7349
Leaf.23.4,D4,4,Day 14,14,Leaf.23.4.Day 14,2,779.9,853.9,Leaf,23°,4,Leaf.23,0.8539
Leaf.23.4,D4,5,Day 14,14,Leaf.23.4.Day 14,2,823.4,897.4,Leaf,23°,4,Leaf.23,0.8974
Leaf.23.1,A1,1,Day 21,21,Leaf.23.1.Day 21,2,603.7,677.7,Leaf,23°,1,Leaf.23,0.6777
Leaf.23.1,A1,2,Day 21,21,Leaf.23.1.Day 21,2,850.7,924.7,Leaf,23°,1,Leaf.23,0.9247
Leaf.23.1,A1,3,Day 21,21,Leaf.23.1.Day 21,2,681.3,755.3,Leaf,23°,1,Leaf.23,0.7553
Leaf.23.1,A1,4,Day 21,21,Leaf.23.1.Day 21,2,826.9,900.9,Leaf,23°,1,Leaf.23,0.9009
Leaf.23.1,A1,5,Day 21,21,Leaf.23.1.Day 21,2,677.1,751.1,Leaf,23°,1,Leaf.23,0.7511
Leaf.26.1,A2,1,Day 21,21,Leaf.26.1.Day 21,2,295.11,369.11,Leaf,26°,1,Leaf.26,0.36911
Leaf.26.1,A2,2,Day 21,21,Leaf.26.1.Day 21,2,529.6,603.6,Leaf,26°,1,Leaf.26,0.6036
Leaf.26.1,A2,3,Day 21,21,Leaf.26.1.Day 21,2,310.98,384.98,Leaf,26°,1,Leaf.26,0.38498
Leaf.26.1,A2,4,Day 21,21,Leaf.26.1.Day 21,2,623.2,697.2,Leaf,26°,1,Leaf.26,0.6972
Leaf.26.1,A2,5,Day 21,21,Leaf.26.1.Day 21,2,278.48,352.48,Leaf,26°,1,Leaf.26,0.35248
Leaf.20.1,A4,1,Day 21,21,Leaf.20.1.Day 21,2,740.6,814.6,Leaf,20°,1,Leaf.20,0.8146
Leaf.20.1,A4,2,Day 21,21,Leaf.20.1.Day 21,2,620.2,694.2,Leaf,20°,1,Leaf.20,0.6942
Leaf.20.1,A4,3,Day 21,21,Leaf.20.1.Day 21,2,810.8,884.8,Leaf,20°,1,Leaf.20,0.8848
Leaf.20.1,A4,4,Day 21,21,Leaf.20.1.Day 21,2,569.86,643.86,Leaf,20°,1,Leaf.20,0.64386
Leaf.20.1,A4,5,Day 21,21,Leaf.20.1.Day 21,2,699.4,773.4,Leaf,20°,1,Leaf.20,0.7734
Leaf.23.2,B2,1,Day 21,21,Leaf.23.2.Day 21,2,645.2,719.2,Leaf,23°,2,Leaf.23,0.7192
Leaf.23.2,B2,2,Day 21,21,Leaf.23.2.Day 21,2,500.46,574.46,Leaf,23°,2,Leaf.23,0.57446
Leaf.23.2,B2,3,Day 21,21,Leaf.23.2.Day 21,2,689.6,763.6,Leaf,23°,2,Leaf.23,0.7636
Leaf.23.2,B2,4,Day 21,21,Leaf.23.2.Day 21,2,377.16,451.16,Leaf,23°,2,Leaf.23,0.45116
Leaf.23.2,B2,5,Day 21,21,Leaf.23.2.Day 21,2,472.3,546.3,Leaf,23°,2,Leaf.23,0.5463
Leaf.26.2,B3,1,Day 21,21,Leaf.26.2.Day 21,2,327.89,401.89,Leaf,26°,2,Leaf.26,0.40189
Leaf.26.2,B3,2,Day 21,21,Leaf.26.2.Day 21,2,637.7,711.7,Leaf,26°,2,Leaf.26,0.7117
Leaf.26.2,B3,3,Day 21,21,Leaf.26.2.Day 21,2,480.82,554.82,Leaf,26°,2,Leaf.26,0.55482
Leaf.26.2,B3,4,Day 21,21,Leaf.26.2.Day 21,2,579.16,653.16,Leaf,26°,2,Leaf.26,0.65316
Leaf.26.2,B3,5,Day 21,21,Leaf.26.2.Day 21,2,274,348,Leaf,26°,2,Leaf.26,0.348
Leaf.20.2,B6,1,Day 21,21,Leaf.20.2.Day 21,2,821.3,895.3,Leaf,20°,2,Leaf.20,0.8953
Leaf.20.2,B6,2,Day 21,21,Leaf.20.2.Day 21,2,619.3,693.3,Leaf,20°,2,Leaf.20,0.6933
Leaf.20.2,B6,3,Day 21,21,Leaf.20.2.Day 21,2,252.2,326.2,Leaf,20°,2,Leaf.20,0.3262
Leaf.20.2,B6,4,Day 21,21,Leaf.20.2.Day 21,2,727.6,801.6,Leaf,20°,2,Leaf.20,0.8016
Leaf.20.2,B6,5,Day 21,21,Leaf.20.2.Day 21,2,648.1,722.1,Leaf,20°,2,Leaf.20,0.7221
Leaf.20.3,C2,1,Day 21,21,Leaf.20.3.Day 21,2,604.7,678.7,Leaf,20°,3,Leaf.20,0.6787
Leaf.20.3,C2,2,Day 21,21,Leaf.20.3.Day 21,2,542.1,616.1,Leaf,20°,3,Leaf.20,0.6161
Leaf.20.3,C2,3,Day 21,21,Leaf.20.3.Day 21,2,543.7,617.7,Leaf,20°,3,Leaf.20,0.6177
Leaf.20.3,C2,4,Day 21,21,Leaf.20.3.Day 21,2,512.3,586.3,Leaf,20°,3,Leaf.20,0.5863
Leaf.20.3,C2,5,Day 21,21,Leaf.20.3.Day 21,2,488.08,562.08,Leaf,20°,3,Leaf.20,0.56208
Leaf.23.3,C3,1,Day 21,21,Leaf.23.3.Day 21,2,423.82,497.82,Leaf,23°,3,Leaf.23,0.49782
Leaf.23.3,C3,2,Day 21,21,Leaf.23.3.Day 21,2,456.4,530.4,Leaf,23°,3,Leaf.23,0.5304
Leaf.23.3,C3,3,Day 21,21,Leaf.23.3.Day 21,2,483.7,557.7,Leaf,23°,3,Leaf.23,0.5577
Leaf.23.3,C3,4,Day 21,21,Leaf.23.3.Day 21,2,597.21,671.21,Leaf,23°,3,Leaf.23,0.67121
Leaf.23.3,C3,5,Day 21,21,Leaf.23.3.Day 21,2,582.32,656.32,Leaf,23°,3,Leaf.23,0.65632
Leaf.26.3,C4,1,Day 21,21,Leaf.26.3.Day 21,2,559.36,633.36,Leaf,26°,3,Leaf.26,0.63336
Leaf.26.3,C4,2,Day 21,21,Leaf.26.3.Day 21,2,747.4,821.4,Leaf,26°,3,Leaf.26,0.8214
Leaf.26.3,C4,3,Day 21,21,Leaf.26.3.Day 21,2,725.2,799.2,Leaf,26°,3,Leaf.26,0.7992
Leaf.26.3,C4,4,Day 21,21,Leaf.26.3.Day 21,2,451.79,525.79,Leaf,26°,3,Leaf.26,0.52579
Leaf.26.3,C4,5,Day 21,21,Leaf.26.3.Day 21,2,452.3,526.3,Leaf,26°,3,Leaf.26,0.5263
Leaf.20.4,D1,1,Day 21,21,Leaf.20.4.Day 21,2,724.2,798.2,Leaf,20°,4,Leaf.20,0.7982
Leaf.20.4,D1,2,Day 21,21,Leaf.20.4.Day 21,2,774.7,848.7,Leaf,20°,4,Leaf.20,0.8487
Leaf.20.4,D1,3,Day 21,21,Leaf.20.4.Day 21,2,643.26,717.26,Leaf,20°,4,Leaf.20,0.71726
Leaf.20.4,D1,4,Day 21,21,Leaf.20.4.Day 21,2,571.17,645.17,Leaf,20°,4,Leaf.20,0.64517
Leaf.20.4,D1,5,Day 21,21,Leaf.20.4.Day 21,2,429.96,503.96,Leaf,20°,4,Leaf.20,0.50396
Leaf.26.4,D2,1,Day 21,21,Leaf.26.4.Day 21,2,700.1,774.1,Leaf,26°,4,Leaf.26,0.7741
Leaf.26.4,D2,2,Day 21,21,Leaf.26.4.Day 21,2,784.2,858.2,Leaf,26°,4,Leaf.26,0.8582
Leaf.26.4,D2,3,Day 21,21,Leaf.26.4.Day 21,2,607.3,681.3,Leaf,26°,4,Leaf.26,0.6813
Leaf.26.4,D2,4,Day 21,21,Leaf.26.4.Day 21,2,630,704,Leaf,26°,4,Leaf.26,0.704
Leaf.26.4,D2,5,Day 21,21,Leaf.26.4.Day 21,2,523.4,597.4,Leaf,26°,4,Leaf.26,0.5974
Leaf.23.4,D4,1,Day 21,21,Leaf.23.4.Day 21,2,615,689,Leaf,23°,4,Leaf.23,0.689
Leaf.23.4,D4,2,Day 21,21,Leaf.23.4.Day 21,2,353.42,427.42,Leaf,23°,4,Leaf.23,0.42742
Leaf.23.4,D4,3,Day 21,21,Leaf.23.4.Day 21,2,353.42,427.42,Leaf,23°,4,Leaf.23,0.42742
Leaf.23.4,D4,4,Day 21,21,Leaf.23.4.Day 21,2,489.22,563.22,Leaf,23°,4,Leaf.23,0.56322
Leaf.23.4,D4,5,Day 21,21,Leaf.23.4.Day 21,2,422.92,496.92,Leaf,23°,4,Leaf.23,0.49692
Leaf.23.1,A1,1,Day 1,1,Leaf.23.1.Day 1,2,957.3,1031.3,Leaf,23°,1,Leaf.23,1.0313
Leaf.23.1,A1,2,Day 1,1,Leaf.23.1.Day 1,2,128.08,202.08,Leaf,23°,1,Leaf.23,0.20208
Leaf.23.1,A1,3,Day 1,1,Leaf.23.1.Day 1,2,876.6,950.6,Leaf,23°,1,Leaf.23,0.9506
Leaf.23.1,A1,4,Day 1,1,Leaf.23.1.Day 1,2,1128.4,1202.4,Leaf,23°,1,Leaf.23,1.2024
Leaf.23.1,A1,5,Day 1,1,Leaf.23.1.Day 1,2,1800.9,1874.9,Leaf,23°,1,Leaf.23,1.8749
Leaf.26.1,A2,1,Day 1,1,Leaf.26.1.Day 1,2,1087.6,1161.6,Leaf,26°,1,Leaf.26,1.1616
Leaf.26.1,A2,2,Day 1,1,Leaf.26.1.Day 1,2,805.8,879.8,Leaf,26°,1,Leaf.26,0.8798
Leaf.26.1,A2,3,Day 1,1,Leaf.26.1.Day 1,2,1337.2,1411.2,Leaf,26°,1,Leaf.26,1.4112
Leaf.26.1,A2,4,Day 1,1,Leaf.26.1.Day 1,2,1790.7,1864.7,Leaf,26°,1,Leaf.26,1.8647
Leaf.20.1,A4,1,Day 1,1,Leaf.20.1.Day 1,2,1620.4,1694.4,Leaf,20°,1,Leaf.20,1.6944
Leaf.20.1,A4,2,Day 1,1,Leaf.20.1.Day 1,2,1803.5,1877.5,Leaf,20°,1,Leaf.20,1.8775
Leaf.20.1,A4,3,Day 1,1,Leaf.20.1.Day 1,2,1453.3,1527.3,Leaf,20°,1,Leaf.20,1.5273
Leaf.20.1,A4,4,Day 1,1,Leaf.20.1.Day 1,2,1181.7,1255.7,Leaf,20°,1,Leaf.20,1.2557
Leaf.20.1,A4,5,Day 1,1,Leaf.20.1.Day 1,2,1103.7,1177.7,Leaf,20°,1,Leaf.20,1.1777
Leaf.23.2,B2,1,Day 1,1,Leaf.23.2.Day 1,2,1808.4,1882.4,Leaf,23°,2,Leaf.23,1.8824
Leaf.23.2,B2,2,Day 1,1,Leaf.23.2.Day 1,2,853.3,927.3,Leaf,23°,2,Leaf.23,0.9273
Leaf.23.2,B2,3,Day 1,1,Leaf.23.2.Day 1,2,1297.1,1371.1,Leaf,23°,2,Leaf.23,1.3711
Leaf.23.2,B2,4,Day 1,1,Leaf.23.2.Day 1,2,881.4,955.4,Leaf,23°,2,Leaf.23,0.9554
Leaf.26.2,B3,1,Day 1,1,Leaf.26.2.Day 1,2,1517,1591,Leaf,26°,2,Leaf.26,1.591
Leaf.26.2,B3,2,Day 1,1,Leaf.26.2.Day 1,2,1807.3,1881.3,Leaf,26°,2,Leaf.26,1.8813
Leaf.26.2,B3,3,Day 1,1,Leaf.26.2.Day 1,2,1001.5,1075.5,Leaf,26°,2,Leaf.26,1.0755
Leaf.26.2,B3,4,Day 1,1,Leaf.26.2.Day 1,2,717.3,791.3,Leaf,26°,2,Leaf.26,0.7913
Leaf.26.2,B3,5,Day 1,1,Leaf.26.2.Day 1,2,1024.2,1098.2,Leaf,26°,2,Leaf.26,1.0982
Leaf.20.2,B6,1,Day 1,1,Leaf.20.2.Day 1,2,1143.3,1217.3,Leaf,20°,2,Leaf.20,1.2173
Leaf.20.2,B6,2,Day 1,1,Leaf.20.2.Day 1,2,1304,1378,Leaf,20°,2,Leaf.20,1.378
Leaf.20.3,C2,1,Day 1,1,Leaf.20.3.Day 1,2,1809.6,1883.6,Leaf,20°,3,Leaf.20,1.8836
Leaf.20.3,C2,2,Day 1,1,Leaf.20.3.Day 1,2,1125.4,1199.4,Leaf,20°,3,Leaf.20,1.1994
Leaf.20.3,C2,3,Day 1,1,Leaf.20.3.Day 1,2,1125.4,1199.4,Leaf,20°,3,Leaf.20,1.1994
Leaf.20.3,C2,4,Day 1,1,Leaf.20.3.Day 1,2,1086.6,1160.6,Leaf,20°,3,Leaf.20,1.1606
Leaf.20.3,C2,5,Day 1,1,Leaf.20.3.Day 1,2,1445.1,1519.1,Leaf,20°,3,Leaf.20,1.5191
Leaf.20.3,C2,6,Day 1,1,Leaf.20.3.Day 1,2,1079.5,1153.5,Leaf,20°,3,Leaf.20,1.1535
Leaf.23.3,C3,1,Day 1,1,Leaf.23.3.Day 1,2,1451.9,1525.9,Leaf,23°,3,Leaf.23,1.5259
Leaf.23.3,C3,2,Day 1,1,Leaf.23.3.Day 1,2,1123.4,1197.4,Leaf,23°,3,Leaf.23,1.1974
Leaf.23.3,C3,3,Day 1,1,Leaf.23.3.Day 1,2,1024.7,1098.7,Leaf,23°,3,Leaf.23,1.0987
Leaf.23.3,C3,4,Day 1,1,Leaf.23.3.Day 1,2,1184.5,1258.5,Leaf,23°,3,Leaf.23,1.2585
Leaf.26.3,C4,1,Day 1,1,Leaf.26.3.Day 1,2,1269.5,1343.5,Leaf,26°,3,Leaf.26,1.3435
Leaf.26.3,C4,2,Day 1,1,Leaf.26.3.Day 1,2,951.1,1025.1,Leaf,26°,3,Leaf.26,1.0251
Leaf.26.3,C4,3,Day 1,1,Leaf.26.3.Day 1,2,1083.4,1157.4,Leaf,26°,3,Leaf.26,1.1574
Leaf.26.3,C4,4,Day 1,1,Leaf.26.3.Day 1,2,951,1025,Leaf,26°,3,Leaf.26,1.025
Leaf.20.4,D1,1,Day 1,1,Leaf.20.4.Day 1,2,1457.26,1531.26,Leaf,20°,4,Leaf.20,1.53126
Leaf.20.4,D1,2,Day 1,1,Leaf.20.4.Day 1,2,1157.9,1231.9,Leaf,20°,4,Leaf.20,1.2319
Leaf.20.4,D1,3,Day 1,1,Leaf.20.4.Day 1,2,1049,1123,Leaf,20°,4,Leaf.20,1.123
Leaf.20.4,D1,4,Day 1,1,Leaf.20.4.Day 1,2,856.6,930.6,Leaf,20°,4,Leaf.20,0.9306
Leaf.26.4,D2,1,Day 1,1,Leaf.26.4.Day 1,2,1020.8,1094.8,Leaf,26°,4,Leaf.26,1.0948
Leaf.26.4,D2,2,Day 1,1,Leaf.26.4.Day 1,2,826.3,900.3,Leaf,26°,4,Leaf.26,0.9003
Leaf.23.4,D4,2,Day 1,1,Leaf.23.4.Day 1,2,477.78,551.78,Leaf,23°,4,Leaf.23,0.55178
Leaf.23.4,D4,3,Day 1,1,Leaf.23.4.Day 1,2,988.1,1062.1,Leaf,23°,4,Leaf.23,1.0621
Leaf.23.4,D4,4,Day 1,1,Leaf.23.4.Day 1,2,962.6,1036.6,Leaf,23°,4,Leaf.23,1.0366
Leaf.23.1,A1,1,Day 7,7,Leaf.23.1.Day 7,2,1642.3,1716.3,Leaf,23°,1,Leaf.23,1.7163
Leaf.23.1,A1,2,Day 7,7,Leaf.23.1.Day 7,2,1368.2,1442.2,Leaf,23°,1,Leaf.23,1.4422
Leaf.23.1,A1,3,Day 7,7,Leaf.23.1.Day 7,2,914.5,988.5,Leaf,23°,1,Leaf.23,0.9885
Leaf.23.1,A1,4,Day 7,7,Leaf.23.1.Day 7,2,708.3,782.3,Leaf,23°,1,Leaf.23,0.7823
Leaf.23.1,A1,5,Day 7,7,Leaf.23.1.Day 7,2,1330.7,1404.7,Leaf,23°,1,Leaf.23,1.4047
Leaf.26.1,A2,1,Day 7,7,Leaf.26.1.Day 7,2,777,851,Leaf,26°,1,Leaf.26,0.851
Leaf.26.1,A2,2,Day 7,7,Leaf.26.1.Day 7,2,831.1,905.1,Leaf,26°,1,Leaf.26,0.9051
Leaf.26.1,A2,3,Day 7,7,Leaf.26.1.Day 7,2,1026.5,1100.5,Leaf,26°,1,Leaf.26,1.1005
Leaf.26.1,A2,4,Day 7,7,Leaf.26.1.Day 7,2,628.9,702.9,Leaf,26°,1,Leaf.26,0.7029
Leaf.26.1,A2,5,Day 7,7,Leaf.26.1.Day 7,2,1178.6,1252.6,Leaf,26°,1,Leaf.26,1.2526
Leaf.20.1,A4,1,Day 7,7,Leaf.20.1.Day 7,2,431.3,505.3,Leaf,20°,1,Leaf.20,0.5053
Leaf.20.1,A4,2,Day 7,7,Leaf.20.1.Day 7,2,891.8,965.8,Leaf,20°,1,Leaf.20,0.9658
Leaf.20.1,A4,3,Day 7,7,Leaf.20.1.Day 7,2,642.1,716.1,Leaf,20°,1,Leaf.20,0.7161
Leaf.20.1,A4,4,Day 7,7,Leaf.20.1.Day 7,2,542.3,616.3,Leaf,20°,1,Leaf.20,0.6163
Leaf.20.1,A4,5,Day 7,7,Leaf.20.1.Day 7,2,1280.4,1354.4,Leaf,20°,1,Leaf.20,1.3544
Leaf.23.2,B2,1,Day 7,7,Leaf.23.2.Day 7,2,659.4,733.4,Leaf,23°,2,Leaf.23,0.7334
Leaf.23.2,B2,2,Day 7,7,Leaf.23.2.Day 7,2,1457.5,1531.5,Leaf,23°,2,Leaf.23,1.5315
Leaf.23.2,B2,3,Day 7,7,Leaf.23.2.Day 7,2,815.1,889.1,Leaf,23°,2,Leaf.23,0.8891
Leaf.23.2,B2,4,Day 7,7,Leaf.23.2.Day 7,2,825.6,899.6,Leaf,23°,2,Leaf.23,0.8996
Leaf.23.2,B2,5,Day 7,7,Leaf.23.2.Day 7,2,1355.7,1429.7,Leaf,23°,2,Leaf.23,1.4297
Leaf.26.2,B3,1,Day 7,7,Leaf.26.2.Day 7,2,823.4,897.4,Leaf,26°,2,Leaf.26,0.8974
Leaf.26.2,B3,2,Day 7,7,Leaf.26.2.Day 7,2,485.5,559.5,Leaf,26°,2,Leaf.26,0.5595
Leaf.26.2,B3,3,Day 7,7,Leaf.26.2.Day 7,2,741.4,815.4,Leaf,26°,2,Leaf.26,0.8154
Leaf.26.2,B3,4,Day 7,7,Leaf.26.2.Day 7,2,1358.3,1432.3,Leaf,26°,2,Leaf.26,1.4323
Leaf.26.2,B3,5,Day 7,7,Leaf.26.2.Day 7,2,789.9,863.9,Leaf,26°,2,Leaf.26,0.8639
Leaf.20.2,B6,1,Day 7,7,Leaf.20.2.Day 7,2,1075,1149,Leaf,20°,2,Leaf.20,1.149
Leaf.20.2,B6,2,Day 7,7,Leaf.20.2.Day 7,2,467.56,541.56,Leaf,20°,2,Leaf.20,0.54156
Leaf.20.2,B6,3,Day 7,7,Leaf.20.2.Day 7,2,774.4,848.4,Leaf,20°,2,Leaf.20,0.8484
Leaf.20.2,B6,4,Day 7,7,Leaf.20.2.Day 7,2,1647.3,1721.3,Leaf,20°,2,Leaf.20,1.7213
Leaf.20.2,B6,5,Day 7,7,Leaf.20.2.Day 7,2,1201.1,1275.1,Leaf,20°,2,Leaf.20,1.2751
Leaf.20.3,C2,1,Day 7,7,Leaf.20.3.Day 7,2,844.3,918.3,Leaf,20°,3,Leaf.20,0.9183
Leaf.20.3,C2,2,Day 7,7,Leaf.20.3.Day 7,2,719,793,Leaf,20°,3,Leaf.20,0.793
Leaf.20.3,C2,3,Day 7,7,Leaf.20.3.Day 7,2,319.04,393.04,Leaf,20°,3,Leaf.20,0.39304
Leaf.20.3,C2,4,Day 7,7,Leaf.20.3.Day 7,2,1350.9,1424.9,Leaf,20°,3,Leaf.20,1.4249
Leaf.20.3,C2,5,Day 7,7,Leaf.20.3.Day 7,2,747.1,821.1,Leaf,20°,3,Leaf.20,0.8211
Leaf.23.3,C3,1,Day 7,7,Leaf.23.3.Day 7,2,1341.3,1415.3,Leaf,23°,3,Leaf.23,1.4153
Leaf.23.3,C3,2,Day 7,7,Leaf.23.3.Day 7,2,1028.1,1102.1,Leaf,23°,3,Leaf.23,1.1021
Leaf.23.3,C3,3,Day 7,7,Leaf.23.3.Day 7,2,1027.7,1101.7,Leaf,23°,3,Leaf.23,1.1017
Leaf.23.3,C3,4,Day 7,7,Leaf.23.3.Day 7,2,1098.1,1172.1,Leaf,23°,3,Leaf.23,1.1721
Leaf.23.3,C3,5,Day 7,7,Leaf.23.3.Day 7,2,503.27,577.27,Leaf,23°,3,Leaf.23,0.57727
Leaf.26.3,C4,1,Day 7,7,Leaf.26.3.Day 7,2,922.7,996.7,Leaf,26°,3,Leaf.26,0.9967
Leaf.26.3,C4,2,Day 7,7,Leaf.26.3.Day 7,2,830.5,904.5,Leaf,26°,3,Leaf.26,0.9045
Leaf.26.3,C4,3,Day 7,7,Leaf.26.3.Day 7,2,558.44,632.44,Leaf,26°,3,Leaf.26,0.63244
Leaf.26.3,C4,4,Day 7,7,Leaf.26.3.Day 7,2,978.2,1052.2,Leaf,26°,3,Leaf.26,1.0522
Leaf.26.3,C4,5,Day 7,7,Leaf.26.3.Day 7,2,747.9,821.9,Leaf,26°,3,Leaf.26,0.8219
Leaf.20.4,D1,1,Day 7,7,Leaf.20.4.Day 7,2,1237.3,1311.3,Leaf,20°,4,Leaf.20,1.3113
Leaf.20.4,D1,2,Day 7,7,Leaf.20.4.Day 7,2,502.16,576.16,Leaf,20°,4,Leaf.20,0.57616
Leaf.20.4,D1,3,Day 7,7,Leaf.20.4.Day 7,2,1167.5,1241.5,Leaf,20°,4,Leaf.20,1.2415
Leaf.20.4,D1,4,Day 7,7,Leaf.20.4.Day 7,2,788,862,Leaf,20°,4,Leaf.20,0.862
Leaf.20.4,D1,5,Day 7,7,Leaf.20.4.Day 7,2,884.2,958.2,Leaf,20°,4,Leaf.20,0.9582
Leaf.26.4,D2,1,Day 7,7,Leaf.26.4.Day 7,2,1015.9,1089.9,Leaf,26°,4,Leaf.26,1.0899
Leaf.26.4,D2,2,Day 7,7,Leaf.26.4.Day 7,2,820.8,894.8,Leaf,26°,4,Leaf.26,0.8948
Leaf.26.4,D2,3,Day 7,7,Leaf.26.4.Day 7,2,907.5,981.5,Leaf,26°,4,Leaf.26,0.9815
Leaf.26.4,D2,4,Day 7,7,Leaf.26.4.Day 7,2,883.7,957.7,Leaf,26°,4,Leaf.26,0.9577
Leaf.26.4,D2,5,Day 7,7,Leaf.26.4.Day 7,2,523.85,597.85,Leaf,26°,4,Leaf.26,0.59785
Leaf.23.4,D4,1,Day 7,7,Leaf.23.4.Day 7,2,895,969,Leaf,23°,4,Leaf.23,0.969
Leaf.23.4,D4,2,Day 7,7,Leaf.23.4.Day 7,2,618.6,692.6,Leaf,23°,4,Leaf.23,0.6926
Leaf.23.4,D4,3,Day 7,7,Leaf.23.4.Day 7,2,970.7,1044.7,Leaf,23°,4,Leaf.23,1.0447
Leaf.23.4,D4,4,Day 7,7,Leaf.23.4.Day 7,2,447.98,521.98,Leaf,23°,4,Leaf.23,0.52198
Leaf.23.4,D4,5,Day 7,7,Leaf.23.4.Day 7,2,469.58,543.58,Leaf,23°,4,Leaf.23,0.54358
Leaf.23.1,A1,1,Day 14,14,Leaf.23.1.Day 14,3,735.1,809.1,Leaf,23°,1,Leaf.23,0.8091
Leaf.23.1,A1,2,Day 14,14,Leaf.23.1.Day 14,3,1444,1518,Leaf,23°,1,Leaf.23,1.518
Leaf.23.1,A1,3,Day 14,14,Leaf.23.1.Day 14,3,1180.6,1254.6,Leaf,23°,1,Leaf.23,1.2546
Leaf.23.1,A1,4,Day 14,14,Leaf.23.1.Day 14,3,931.3,1005.3,Leaf,23°,1,Leaf.23,1.0053
Leaf.23.1,A1,5,Day 14,14,Leaf.23.1.Day 14,3,823.1,897.1,Leaf,23°,1,Leaf.23,0.8971
Leaf.26.1,A2,1,Day 14,14,Leaf.26.1.Day 14,3,775.2,849.2,Leaf,26°,1,Leaf.26,0.8492
Leaf.26.1,A2,2,Day 14,14,Leaf.26.1.Day 14,3,615.9,689.9,Leaf,26°,1,Leaf.26,0.6899
Leaf.26.1,A2,3,Day 14,14,Leaf.26.1.Day 14,3,586.64,660.64,Leaf,26°,1,Leaf.26,0.66064
Leaf.26.1,A2,4,Day 14,14,Leaf.26.1.Day 14,3,1042.2,1116.2,Leaf,26°,1,Leaf.26,1.1162
Leaf.26.1,A2,5,Day 14,14,Leaf.26.1.Day 14,3,821,895,Leaf,26°,1,Leaf.26,0.895
Leaf.20.1,A4,1,Day 14,14,Leaf.20.1.Day 14,3,504.26,578.26,Leaf,20°,1,Leaf.20,0.57826
Leaf.20.1,A4,2,Day 14,14,Leaf.20.1.Day 14,3,762.5,836.5,Leaf,20°,1,Leaf.20,0.8365
Leaf.20.1,A4,3,Day 14,14,Leaf.20.1.Day 14,3,943.6,1017.6,Leaf,20°,1,Leaf.20,1.0176
Leaf.20.1,A4,4,Day 14,14,Leaf.20.1.Day 14,3,581.41,655.41,Leaf,20°,1,Leaf.20,0.65541
Leaf.20.1,A4,5,Day 14,14,Leaf.20.1.Day 14,3,877.9,951.9,Leaf,20°,1,Leaf.20,0.9519
Leaf.23.2,B2,1,Day 14,14,Leaf.23.2.Day 14,3,855.8,929.8,Leaf,23°,2,Leaf.23,0.9298
Leaf.23.2,B2,2,Day 14,14,Leaf.23.2.Day 14,3,855.2,929.2,Leaf,23°,2,Leaf.23,0.9292
Leaf.23.2,B2,3,Day 14,14,Leaf.23.2.Day 14,3,593.25,667.25,Leaf,23°,2,Leaf.23,0.66725
Leaf.23.2,B2,4,Day 14,14,Leaf.23.2.Day 14,3,565.36,639.36,Leaf,23°,2,Leaf.23,0.63936
Leaf.23.2,B2,5,Day 14,14,Leaf.23.2.Day 14,3,611.6,685.6,Leaf,23°,2,Leaf.23,0.6856
Leaf.26.2,B3,1,Day 14,14,Leaf.26.2.Day 14,3,896.2,970.2,Leaf,26°,2,Leaf.26,0.9702
Leaf.26.2,B3,2,Day 14,14,Leaf.26.2.Day 14,3,596.72,670.72,Leaf,26°,2,Leaf.26,0.67072
Leaf.26.2,B3,3,Day 14,14,Leaf.26.2.Day 14,3,860.8,934.8,Leaf,26°,2,Leaf.26,0.9348
Leaf.26.2,B3,4,Day 14,14,Leaf.26.2.Day 14,3,486.21,560.21,Leaf,26°,2,Leaf.26,0.56021
Leaf.26.2,B3,5,Day 14,14,Leaf.26.2.Day 14,3,465.52,539.52,Leaf,26°,2,Leaf.26,0.53952
Leaf.20.2,B6,1,Day 14,14,Leaf.20.2.Day 14,3,685.2,759.2,Leaf,20°,2,Leaf.20,0.7592
Leaf.20.2,B6,2,Day 14,14,Leaf.20.2.Day 14,3,967.5,1041.5,Leaf,20°,2,Leaf.20,1.0415
Leaf.20.2,B6,3,Day 14,14,Leaf.20.2.Day 14,3,1246,1320,Leaf,20°,2,Leaf.20,1.32
Leaf.20.2,B6,4,Day 14,14,Leaf.20.2.Day 14,3,845.9,919.9,Leaf,20°,2,Leaf.20,0.9199
Leaf.20.2,B6,5,Day 14,14,Leaf.20.2.Day 14,3,380.92,454.92,Leaf,20°,2,Leaf.20,0.45492
Leaf.20.3,C2,1,Day 14,14,Leaf.20.3.Day 14,3,498.71,572.71,Leaf,20°,3,Leaf.20,0.57271
Leaf.20.3,C2,2,Day 14,14,Leaf.20.3.Day 14,3,845.3,919.3,Leaf,20°,3,Leaf.20,0.9193
Leaf.20.3,C2,3,Day 14,14,Leaf.20.3.Day 14,3,592.76,666.76,Leaf,20°,3,Leaf.20,0.66676
Leaf.20.3,C2,4,Day 14,14,Leaf.20.3.Day 14,3,1143.8,1217.8,Leaf,20°,3,Leaf.20,1.2178
Leaf.20.3,C2,5,Day 14,14,Leaf.20.3.Day 14,3,817.3,891.3,Leaf,20°,3,Leaf.20,0.8913
Leaf.23.3,C3,1,Day 14,14,Leaf.23.3.Day 14,3,463.84,537.84,Leaf,23°,3,Leaf.23,0.53784
Leaf.23.3,C3,2,Day 14,14,Leaf.23.3.Day 14,3,793.5,867.5,Leaf,23°,3,Leaf.23,0.8675
Leaf.23.3,C3,3,Day 14,14,Leaf.23.3.Day 14,3,1296.8,1370.8,Leaf,23°,3,Leaf.23,1.3708
Leaf.23.3,C3,4,Day 14,14,Leaf.23.3.Day 14,3,1470.1,1544.1,Leaf,23°,3,Leaf.23,1.5441
Leaf.23.3,C3,5,Day 14,14,Leaf.23.3.Day 14,3,762.8,836.8,Leaf,23°,3,Leaf.23,0.8368
Leaf.26.3,C4,1,Day 14,14,Leaf.26.3.Day 14,3,769.1,843.1,Leaf,26°,3,Leaf.26,0.8431
Leaf.26.3,C4,2,Day 14,14,Leaf.26.3.Day 14,3,635.1,709.1,Leaf,26°,3,Leaf.26,0.7091
Leaf.26.3,C4,3,Day 14,14,Leaf.26.3.Day 14,3,1207.7,1281.7,Leaf,26°,3,Leaf.26,1.2817
Leaf.26.3,C4,4,Day 14,14,Leaf.26.3.Day 14,3,581.61,655.61,Leaf,26°,3,Leaf.26,0.65561
Leaf.26.3,C4,5,Day 14,14,Leaf.26.3.Day 14,3,963.9,1037.9,Leaf,26°,3,Leaf.26,1.0379
Leaf.20.4,D1,1,Day 14,14,Leaf.20.4.Day 14,3,1213.2,1287.2,Leaf,20°,4,Leaf.20,1.2872
Leaf.20.4,D1,2,Day 14,14,Leaf.20.4.Day 14,3,1104.7,1178.7,Leaf,20°,4,Leaf.20,1.1787
Leaf.20.4,D1,3,Day 14,14,Leaf.20.4.Day 14,3,1220.8,1294.8,Leaf,20°,4,Leaf.20,1.2948
Leaf.20.4,D1,4,Day 14,14,Leaf.20.4.Day 14,3,467.69,541.69,Leaf,20°,4,Leaf.20,0.54169
Leaf.20.4,D1,5,Day 14,14,Leaf.20.4.Day 14,3,720.7,794.7,Leaf,20°,4,Leaf.20,0.7947
Leaf.26.4,D2,1,Day 14,14,Leaf.26.4.Day 14,3,716.4,790.4,Leaf,26°,4,Leaf.26,0.7904
Leaf.26.4,D2,2,Day 14,14,Leaf.26.4.Day 14,3,413.24,487.24,Leaf,26°,4,Leaf.26,0.48724
Leaf.26.4,D2,3,Day 14,14,Leaf.26.4.Day 14,3,786.3,860.3,Leaf,26°,4,Leaf.26,0.8603
Leaf.26.4,D2,4,Day 14,14,Leaf.26.4.Day 14,3,667.8,741.8,Leaf,26°,4,Leaf.26,0.7418
Leaf.26.4,D2,5,Day 14,14,Leaf.26.4.Day 14,3,787.5,861.5,Leaf,26°,4,Leaf.26,0.8615
Leaf.23.4,D4,1,Day 14,14,Leaf.23.4.Day 14,3,669.2,743.2,Leaf,23°,4,Leaf.23,0.7432
Leaf.23.4,D4,2,Day 14,14,Leaf.23.4.Day 14,3,1092.4,1166.4,Leaf,23°,4,Leaf.23,1.1664
Leaf.23.4,D4,3,Day 14,14,Leaf.23.4.Day 14,3,428.42,502.42,Leaf,23°,4,Leaf.23,0.50242
Leaf.23.4,D4,4,Day 14,14,Leaf.23.4.Day 14,3,1231.1,1305.1,Leaf,23°,4,Leaf.23,1.3051
Leaf.23.4,D4,5,Day 14,14,Leaf.23.4.Day 14,3,1099.9,1173.9,Leaf,23°,4,Leaf.23,1.1739
Leaf.23.1,A1,1,Day 21,21,Leaf.23.1.Day 21,3,648.5,722.5,Leaf,23°,1,Leaf.23,0.7225
Leaf.23.1,A1,2,Day 21,21,Leaf.23.1.Day 21,3,630.32,704.32,Leaf,23°,1,Leaf.23,0.70432
Leaf.23.1,A1,3,Day 21,21,Leaf.23.1.Day 21,3,626.1,700.1,Leaf,23°,1,Leaf.23,0.7001
Leaf.23.1,A1,4,Day 21,21,Leaf.23.1.Day 21,3,819.5,893.5,Leaf,23°,1,Leaf.23,0.8935
Leaf.23.1,A1,5,Day 21,21,Leaf.23.1.Day 21,3,784.5,858.5,Leaf,23°,1,Leaf.23,0.8585
Leaf.26.1,A2,1,Day 21,21,Leaf.26.1.Day 21,3,299.53,373.53,Leaf,26°,1,Leaf.26,0.37353
Leaf.26.1,A2,2,Day 21,21,Leaf.26.1.Day 21,3,527.52,601.52,Leaf,26°,1,Leaf.26,0.60152
Leaf.26.1,A2,3,Day 21,21,Leaf.26.1.Day 21,3,298.74,372.74,Leaf,26°,1,Leaf.26,0.37274
Leaf.26.1,A2,4,Day 21,21,Leaf.26.1.Day 21,3,625.1,699.1,Leaf,26°,1,Leaf.26,0.6991
Leaf.26.1,A2,5,Day 21,21,Leaf.26.1.Day 21,3,564.8,638.8,Leaf,26°,1,Leaf.26,0.6388
Leaf.20.1,A4,1,Day 21,21,Leaf.20.1.Day 21,3,481.73,555.73,Leaf,20°,1,Leaf.20,0.55573
Leaf.20.1,A4,2,Day 21,21,Leaf.20.1.Day 21,3,603.1,677.1,Leaf,20°,1,Leaf.20,0.6771
Leaf.20.1,A4,3,Day 21,21,Leaf.20.1.Day 21,3,771,845,Leaf,20°,1,Leaf.20,0.845
Leaf.20.1,A4,4,Day 21,21,Leaf.20.1.Day 21,3,570.54,644.54,Leaf,20°,1,Leaf.20,0.64454
Leaf.20.1,A4,5,Day 21,21,Leaf.20.1.Day 21,3,669.4,743.4,Leaf,20°,1,Leaf.20,0.7434
Leaf.23.2,B2,1,Day 21,21,Leaf.23.2.Day 21,3,655.1,729.1,Leaf,23°,2,Leaf.23,0.7291
Leaf.23.2,B2,2,Day 21,21,Leaf.23.2.Day 21,3,505.36,579.36,Leaf,23°,2,Leaf.23,0.57936
Leaf.23.2,B2,3,Day 21,21,Leaf.23.2.Day 21,3,689.7,763.7,Leaf,23°,2,Leaf.23,0.7637
Leaf.23.2,B2,5,Day 21,21,Leaf.23.2.Day 21,3,578.5,652.5,Leaf,23°,2,Leaf.23,0.6525
Leaf.26.2,B3,1,Day 21,21,Leaf.26.2.Day 21,3,577.3,651.3,Leaf,26°,2,Leaf.26,0.6513
Leaf.26.2,B3,2,Day 21,21,Leaf.26.2.Day 21,3,445.79,519.79,Leaf,26°,2,Leaf.26,0.51979
Leaf.26.2,B3,3,Day 21,21,Leaf.26.2.Day 21,3,480.69,554.69,Leaf,26°,2,Leaf.26,0.55469
Leaf.26.2,B3,4,Day 21,21,Leaf.26.2.Day 21,3,579.09,653.09,Leaf,26°,2,Leaf.26,0.65309
Leaf.26.2,B3,5,Day 21,21,Leaf.26.2.Day 21,3,271.64,345.64,Leaf,26°,2,Leaf.26,0.34564
Leaf.20.2,B6,1,Day 21,21,Leaf.20.2.Day 21,3,801.5,875.5,Leaf,20°,2,Leaf.20,0.8755
Leaf.20.2,B6,2,Day 21,21,Leaf.20.2.Day 21,3,611.4,685.4,Leaf,20°,2,Leaf.20,0.6854
Leaf.20.2,B6,3,Day 21,21,Leaf.20.2.Day 21,3,275.89,349.89,Leaf,20°,2,Leaf.20,0.34989
Leaf.20.2,B6,4,Day 21,21,Leaf.20.2.Day 21,3,801.2,875.2,Leaf,20°,2,Leaf.20,0.8752
Leaf.20.2,B6,5,Day 21,21,Leaf.20.2.Day 21,3,524.2,598.2,Leaf,20°,2,Leaf.20,0.5982
Leaf.20.3,C2,1,Day 21,21,Leaf.20.3.Day 21,3,605.1,679.1,Leaf,20°,3,Leaf.20,0.6791
Leaf.20.3,C2,2,Day 21,21,Leaf.20.3.Day 21,3,601.4,675.4,Leaf,20°,3,Leaf.20,0.6754
Leaf.20.3,C2,3,Day 21,21,Leaf.20.3.Day 21,3,624.1,698.1,Leaf,20°,3,Leaf.20,0.6981
Leaf.20.3,C2,4,Day 21,21,Leaf.20.3.Day 21,3,621.4,695.4,Leaf,20°,3,Leaf.20,0.6954
Leaf.20.3,C2,5,Day 21,21,Leaf.20.3.Day 21,3,426.7,500.7,Leaf,20°,3,Leaf.20,0.5007
Leaf.23.3,C3,1,Day 21,21,Leaf.23.3.Day 21,3,442.52,516.52,Leaf,23°,3,Leaf.23,0.51652
Leaf.23.3,C3,2,Day 21,21,Leaf.23.3.Day 21,3,442.16,516.16,Leaf,23°,3,Leaf.23,0.51616
Leaf.23.3,C3,3,Day 21,21,Leaf.23.3.Day 21,3,382.81,456.81,Leaf,23°,3,Leaf.23,0.45681
Leaf.23.3,C3,4,Day 21,21,Leaf.23.3.Day 21,3,688.1,762.1,Leaf,23°,3,Leaf.23,0.7621
Leaf.23.3,C3,5,Day 21,21,Leaf.23.3.Day 21,3,603.8,677.8,Leaf,23°,3,Leaf.23,0.6778
Leaf.26.3,C4,1,Day 21,21,Leaf.26.3.Day 21,3,559.49,633.49,Leaf,26°,3,Leaf.26,0.63349
Leaf.26.3,C4,3,Day 21,21,Leaf.26.3.Day 21,3,669.55,743.55,Leaf,26°,3,Leaf.26,0.74355
Leaf.26.3,C4,4,Day 21,21,Leaf.26.3.Day 21,3,454.43,528.43,Leaf,26°,3,Leaf.26,0.52843
Leaf.26.3,C4,5,Day 21,21,Leaf.26.3.Day 21,3,442.48,516.48,Leaf,26°,3,Leaf.26,0.51648
Leaf.20.4,D1,1,Day 21,21,Leaf.20.4.Day 21,3,680.3,754.3,Leaf,20°,4,Leaf.20,0.7543
Leaf.20.4,D1,2,Day 21,21,Leaf.20.4.Day 21,3,526.33,600.33,Leaf,20°,4,Leaf.20,0.60033
Leaf.20.4,D1,3,Day 21,21,Leaf.20.4.Day 21,3,706.4,780.4,Leaf,20°,4,Leaf.20,0.7804
Leaf.20.4,D1,4,Day 21,21,Leaf.20.4.Day 21,3,527.56,601.56,Leaf,20°,4,Leaf.20,0.60156
Leaf.20.4,D1,5,Day 21,21,Leaf.20.4.Day 21,3,363.43,437.43,Leaf,20°,4,Leaf.20,0.43743
Leaf.26.4,D2,1,Day 21,21,Leaf.26.4.Day 21,3,746.2,820.2,Leaf,26°,4,Leaf.26,0.8202
Leaf.26.4,D2,2,Day 21,21,Leaf.26.4.Day 21,3,763.1,837.1,Leaf,26°,4,Leaf.26,0.8371
Leaf.26.4,D2,3,Day 21,21,Leaf.26.4.Day 21,3,567.08,641.08,Leaf,26°,4,Leaf.26,0.64108
Leaf.26.4,D2,4,Day 21,21,Leaf.26.4.Day 21,3,521.73,595.73,Leaf,26°,4,Leaf.26,0.59573
Leaf.26.4,D2,5,Day 21,21,Leaf.26.4.Day 21,3,724.6,798.6,Leaf,26°,4,Leaf.26,0.7986
Leaf.23.4,D4,1,Day 21,21,Leaf.23.4.Day 21,3,671.91,745.91,Leaf,23°,4,Leaf.23,0.74591
Leaf.23.4,D4,2,Day 21,21,Leaf.23.4.Day 21,3,426.21,500.21,Leaf,23°,4,Leaf.23,0.50021
Leaf.23.4,D4,3,Day 21,21,Leaf.23.4.Day 21,3,276.4,350.4,Leaf,23°,4,Leaf.23,0.3504
Leaf.23.4,D4,4,Day 21,21,Leaf.23.4.Day 21,3,412.56,486.56,Leaf,23°,4,Leaf.23,0.48656
Leaf.23.4,D4,5,Day 21,21,Leaf.23.4.Day 21,3,446.99,520.99,Leaf,23°,4,Leaf.23,0.52099
Leaf.23.1,A1,1,Day 1,1,Leaf.23.1.Day 1,3,1375.7,1449.7,Leaf,23°,1,Leaf.23,1.4497
Leaf.23.1,A1,2,Day 1,1,Leaf.23.1.Day 1,3,902.4,976.4,Leaf,23°,1,Leaf.23,0.9764
Leaf.23.1,A1,3,Day 1,1,Leaf.23.1.Day 1,3,469.6,543.6,Leaf,23°,1,Leaf.23,0.5436
Leaf.23.1,A1,4,Day 1,1,Leaf.23.1.Day 1,3,1583.9,1657.9,Leaf,23°,1,Leaf.23,1.6579
Leaf.23.1,A1,5,Day 1,1,Leaf.23.1.Day 1,3,1801.1,1875.1,Leaf,23°,1,Leaf.23,1.8751
Leaf.26.1,A2,1,Day 1,1,Leaf.26.1.Day 1,3,1286.3,1360.3,Leaf,26°,1,Leaf.26,1.3603
Leaf.26.1,A2,2,Day 1,1,Leaf.26.1.Day 1,3,805.8,879.8,Leaf,26°,1,Leaf.26,0.8798
Leaf.26.1,A2,3,Day 1,1,Leaf.26.1.Day 1,3,1111.7,1185.7,Leaf,26°,1,Leaf.26,1.1857
Leaf.26.1,A2,4,Day 1,1,Leaf.26.1.Day 1,3,758.5,832.5,Leaf,26°,1,Leaf.26,0.8325
Leaf.20.1,A4,1,Day 1,1,Leaf.20.1.Day 1,3,664.3,738.3,Leaf,20°,1,Leaf.20,0.7383
Leaf.20.1,A4,2,Day 1,1,Leaf.20.1.Day 1,3,1501.9,1575.9,Leaf,20°,1,Leaf.20,1.5759
Leaf.20.1,A4,3,Day 1,1,Leaf.20.1.Day 1,3,463.85,537.85,Leaf,20°,1,Leaf.20,0.53785
Leaf.20.1,A4,4,Day 1,1,Leaf.20.1.Day 1,3,1698.6,1772.6,Leaf,20°,1,Leaf.20,1.7726
Leaf.20.1,A4,5,Day 1,1,Leaf.20.1.Day 1,3,1035.5,1109.5,Leaf,20°,1,Leaf.20,1.1095
Leaf.23.2,B2,1,Day 1,1,Leaf.23.2.Day 1,3,1166.3,1240.3,Leaf,23°,2,Leaf.23,1.2403
Leaf.23.2,B2,2,Day 1,1,Leaf.23.2.Day 1,3,853.3,927.3,Leaf,23°,2,Leaf.23,0.9273
Leaf.23.2,B2,3,Day 1,1,Leaf.23.2.Day 1,3,1297.1,1371.1,Leaf,23°,2,Leaf.23,1.3711
Leaf.23.2,B2,4,Day 1,1,Leaf.23.2.Day 1,3,1121,1195,Leaf,23°,2,Leaf.23,1.195
Leaf.26.2,B3,1,Day 1,1,Leaf.26.2.Day 1,3,1316.1,1390.1,Leaf,26°,2,Leaf.26,1.3901
Leaf.26.2,B3,2,Day 1,1,Leaf.26.2.Day 1,3,1106.2,1180.2,Leaf,26°,2,Leaf.26,1.1802
Leaf.26.2,B3,3,Day 1,1,Leaf.26.2.Day 1,3,1001.5,1075.5,Leaf,26°,2,Leaf.26,1.0755
Leaf.26.2,B3,4,Day 1,1,Leaf.26.2.Day 1,3,1442.2,1516.2,Leaf,26°,2,Leaf.26,1.5162
Leaf.26.2,B3,5,Day 1,1,Leaf.26.2.Day 1,3,1143.3,1217.3,Leaf,26°,2,Leaf.26,1.2173
Leaf.20.2,B6,1,Day 1,1,Leaf.20.2.Day 1,3,1123,1197,Leaf,20°,2,Leaf.20,1.197
Leaf.20.2,B6,2,Day 1,1,Leaf.20.2.Day 1,3,676.4,750.4,Leaf,20°,2,Leaf.20,0.7504
Leaf.20.3,C2,1,Day 1,1,Leaf.20.3.Day 1,3,1807.4,1881.4,Leaf,20°,3,Leaf.20,1.8814
Leaf.20.3,C2,2,Day 1,1,Leaf.20.3.Day 1,3,1125.4,1199.4,Leaf,20°,3,Leaf.20,1.1994
Leaf.20.3,C2,3,Day 1,1,Leaf.20.3.Day 1,3,869.8,943.8,Leaf,20°,3,Leaf.20,0.9438
Leaf.20.3,C2,4,Day 1,1,Leaf.20.3.Day 1,3,1735.7,1809.7,Leaf,20°,3,Leaf.20,1.8097
Leaf.20.3,C2,5,Day 1,1,Leaf.20.3.Day 1,3,794.1,868.1,Leaf,20°,3,Leaf.20,0.8681
Leaf.20.3,C2,6,Day 1,1,Leaf.20.3.Day 1,3,1039.4,1113.4,Leaf,20°,3,Leaf.20,1.1134
Leaf.23.3,C3,1,Day 1,1,Leaf.23.3.Day 1,3,1152.7,1226.7,Leaf,23°,3,Leaf.23,1.2267
Leaf.23.3,C3,2,Day 1,1,Leaf.23.3.Day 1,3,1024.8,1098.8,Leaf,23°,3,Leaf.23,1.0988
Leaf.23.3,C3,3,Day 1,1,Leaf.23.3.Day 1,3,1496.9,1570.9,Leaf,23°,3,Leaf.23,1.5709
Leaf.23.3,C3,4,Day 1,1,Leaf.23.3.Day 1,3,673,747,Leaf,23°,3,Leaf.23,0.747
Leaf.26.3,C4,2,Day 1,1,Leaf.26.3.Day 1,3,1407.7,1481.7,Leaf,26°,3,Leaf.26,1.4817
Leaf.26.3,C4,4,Day 1,1,Leaf.26.3.Day 1,3,951,1025,Leaf,26°,3,Leaf.26,1.025
Leaf.20.4,D1,1,Day 1,1,Leaf.20.4.Day 1,3,1491.2,1565.2,Leaf,20°,4,Leaf.20,1.5652
Leaf.20.4,D1,2,Day 1,1,Leaf.20.4.Day 1,3,456.57,530.57,Leaf,20°,4,Leaf.20,0.53057
Leaf.20.4,D1,3,Day 1,1,Leaf.20.4.Day 1,3,773,847,Leaf,20°,4,Leaf.20,0.847
Leaf.20.4,D1,4,Day 1,1,Leaf.20.4.Day 1,3,856.6,930.6,Leaf,20°,4,Leaf.20,0.9306
Leaf.26.4,D2,1,Day 1,1,Leaf.26.4.Day 1,3,1606.8,1680.8,Leaf,26°,4,Leaf.26,1.6808
Leaf.26.4,D2,2,Day 1,1,Leaf.26.4.Day 1,3,776.9,850.9,Leaf,26°,4,Leaf.26,0.8509
Leaf.23.4,D4,2,Day 1,1,Leaf.23.4.Day 1,3,801.4,875.4,Leaf,23°,4,Leaf.23,0.8754
Leaf.23.4,D4,3,Day 1,1,Leaf.23.4.Day 1,3,1226.6,1300.6,Leaf,23°,4,Leaf.23,1.3006
Leaf.23.4,D4,4,Day 1,1,Leaf.23.4.Day 1,3,1142.9,1216.9,Leaf,23°,4,Leaf.23,1.2169
Leaf.23.1,A1,1,Day 7,7,Leaf.23.1.Day 7,3,1601.2,1675.2,Leaf,23°,1,Leaf.23,1.6752
Leaf.23.1,A1,2,Day 7,7,Leaf.23.1.Day 7,3,1254.4,1328.4,Leaf,23°,1,Leaf.23,1.3284
Leaf.23.1,A1,3,Day 7,7,Leaf.23.1.Day 7,3,1559.1,1633.1,Leaf,23°,1,Leaf.23,1.6331
Leaf.23.1,A1,4,Day 7,7,Leaf.23.1.Day 7,3,709.9,783.9,Leaf,23°,1,Leaf.23,0.7839
Leaf.23.1,A1,5,Day 7,7,Leaf.23.1.Day 7,3,1090.1,1164.1,Leaf,23°,1,Leaf.23,1.1641
Leaf.26.1,A2,1,Day 7,7,Leaf.26.1.Day 7,3,778.3,852.3,Leaf,26°,1,Leaf.26,0.8523
Leaf.26.1,A2,2,Day 7,7,Leaf.26.1.Day 7,3,835.6,909.6,Leaf,26°,1,Leaf.26,0.9096
Leaf.26.1,A2,3,Day 7,7,Leaf.26.1.Day 7,3,784.2,858.2,Leaf,26°,1,Leaf.26,0.8582
Leaf.26.1,A2,4,Day 7,7,Leaf.26.1.Day 7,3,628.9,702.9,Leaf,26°,1,Leaf.26,0.7029
Leaf.26.1,A2,5,Day 7,7,Leaf.26.1.Day 7,3,740.1,814.1,Leaf,26°,1,Leaf.26,0.8141
Leaf.20.1,A4,1,Day 7,7,Leaf.20.1.Day 7,3,998,1072,Leaf,20°,1,Leaf.20,1.072
Leaf.20.1,A4,2,Day 7,7,Leaf.20.1.Day 7,3,832.6,906.6,Leaf,20°,1,Leaf.20,0.9066
Leaf.20.1,A4,3,Day 7,7,Leaf.20.1.Day 7,3,547.51,621.51,Leaf,20°,1,Leaf.20,0.62151
Leaf.20.1,A4,4,Day 7,7,Leaf.20.1.Day 7,3,546.43,620.43,Leaf,20°,1,Leaf.20,0.62043
Leaf.20.1,A4,5,Day 7,7,Leaf.20.1.Day 7,3,393.67,467.67,Leaf,20°,1,Leaf.20,0.46767
Leaf.23.2,B2,1,Day 7,7,Leaf.23.2.Day 7,3,1134.5,1208.5,Leaf,23°,2,Leaf.23,1.2085
Leaf.23.2,B2,2,Day 7,7,Leaf.23.2.Day 7,3,886.5,960.5,Leaf,23°,2,Leaf.23,0.9605
Leaf.23.2,B2,3,Day 7,7,Leaf.23.2.Day 7,3,1032.1,1106.1,Leaf,23°,2,Leaf.23,1.1061
Leaf.23.2,B2,5,Day 7,7,Leaf.23.2.Day 7,3,852.1,926.1,Leaf,23°,2,Leaf.23,0.9261
Leaf.26.2,B3,1,Day 7,7,Leaf.26.2.Day 7,3,1099,1173,Leaf,26°,2,Leaf.26,1.173
Leaf.26.2,B3,2,Day 7,7,Leaf.26.2.Day 7,3,338.17,412.17,Leaf,26°,2,Leaf.26,0.41217
Leaf.26.2,B3,3,Day 7,7,Leaf.26.2.Day 7,3,742.1,816.1,Leaf,26°,2,Leaf.26,0.8161
Leaf.26.2,B3,4,Day 7,7,Leaf.26.2.Day 7,3,1280.4,1354.4,Leaf,26°,2,Leaf.26,1.3544
Leaf.26.2,B3,5,Day 7,7,Leaf.26.2.Day 7,3,789.9,863.9,Leaf,26°,2,Leaf.26,0.8639
Leaf.20.2,B6,1,Day 7,7,Leaf.20.2.Day 7,3,1075.1,1149.1,Leaf,20°,2,Leaf.20,1.1491
Leaf.20.2,B6,2,Day 7,7,Leaf.20.2.Day 7,3,1003.8,1077.8,Leaf,20°,2,Leaf.20,1.0778
Leaf.20.2,B6,3,Day 7,7,Leaf.20.2.Day 7,3,728.5,802.5,Leaf,20°,2,Leaf.20,0.8025
Leaf.20.2,B6,4,Day 7,7,Leaf.20.2.Day 7,3,857.7,931.7,Leaf,20°,2,Leaf.20,0.9317
Leaf.20.3,C2,1,Day 7,7,Leaf.20.3.Day 7,3,353.61,427.61,Leaf,20°,3,Leaf.20,0.42761
Leaf.20.3,C2,2,Day 7,7,Leaf.20.3.Day 7,3,614.5,688.5,Leaf,20°,3,Leaf.20,0.6885
Leaf.20.3,C2,3,Day 7,7,Leaf.20.3.Day 7,3,1010.1,1084.1,Leaf,20°,3,Leaf.20,1.0841
Leaf.20.3,C2,4,Day 7,7,Leaf.20.3.Day 7,3,1009.5,1083.5,Leaf,20°,3,Leaf.20,1.0835
Leaf.20.3,C2,5,Day 7,7,Leaf.20.3.Day 7,3,655.8,729.8,Leaf,20°,3,Leaf.20,0.7298
Leaf.23.3,C3,1,Day 7,7,Leaf.23.3.Day 7,3,1037.4,1111.4,Leaf,23°,3,Leaf.23,1.1114
Leaf.23.3,C3,2,Day 7,7,Leaf.23.3.Day 7,3,1027.6,1101.6,Leaf,23°,3,Leaf.23,1.1016
Leaf.23.3,C3,3,Day 7,7,Leaf.23.3.Day 7,3,754.4,828.4,Leaf,23°,3,Leaf.23,0.8284
Leaf.23.3,C3,4,Day 7,7,Leaf.23.3.Day 7,3,1086.1,1160.1,Leaf,23°,3,Leaf.23,1.1601
Leaf.23.3,C3,5,Day 7,7,Leaf.23.3.Day 7,3,503.3,577.3,Leaf,23°,3,Leaf.23,0.5773
Leaf.26.3,C4,1,Day 7,7,Leaf.26.3.Day 7,3,772.8,846.8,Leaf,26°,3,Leaf.26,0.8468
Leaf.26.3,C4,2,Day 7,7,Leaf.26.3.Day 7,3,665.2,739.2,Leaf,26°,3,Leaf.26,0.7392
Leaf.26.3,C4,3,Day 7,7,Leaf.26.3.Day 7,3,1247.9,1321.9,Leaf,26°,3,Leaf.26,1.3219
Leaf.26.3,C4,4,Day 7,7,Leaf.26.3.Day 7,3,700.8,774.8,Leaf,26°,3,Leaf.26,0.7748
Leaf.26.3,C4,5,Day 7,7,Leaf.26.3.Day 7,3,642.9,716.9,Leaf,26°,3,Leaf.26,0.7169
Leaf.20.4,D1,1,Day 7,7,Leaf.20.4.Day 7,3,855,929,Leaf,20°,4,Leaf.20,0.929
Leaf.20.4,D1,2,Day 7,7,Leaf.20.4.Day 7,3,484.52,558.52,Leaf,20°,4,Leaf.20,0.55852
Leaf.20.4,D1,3,Day 7,7,Leaf.20.4.Day 7,3,605.5,679.5,Leaf,20°,4,Leaf.20,0.6795
Leaf.20.4,D1,4,Day 7,7,Leaf.20.4.Day 7,3,680.9,754.9,Leaf,20°,4,Leaf.20,0.7549
Leaf.26.4,D2,1,Day 7,7,Leaf.26.4.Day 7,3,1260.9,1334.9,Leaf,26°,4,Leaf.26,1.3349
Leaf.26.4,D2,2,Day 7,7,Leaf.26.4.Day 7,3,820.9,894.9,Leaf,26°,4,Leaf.26,0.8949
Leaf.26.4,D2,3,Day 7,7,Leaf.26.4.Day 7,3,883.7,957.7,Leaf,26°,4,Leaf.26,0.9577
Leaf.26.4,D2,4,Day 7,7,Leaf.26.4.Day 7,3,1121.6,1195.6,Leaf,26°,4,Leaf.26,1.1956
Leaf.26.4,D2,5,Day 7,7,Leaf.26.4.Day 7,3,377.57,451.57,Leaf,26°,4,Leaf.26,0.45157
Leaf.23.4,D4,1,Day 7,7,Leaf.23.4.Day 7,3,787.6,861.6,Leaf,23°,4,Leaf.23,0.8616
Leaf.23.4,D4,2,Day 7,7,Leaf.23.4.Day 7,3,857.5,931.5,Leaf,23°,4,Leaf.23,0.9315
Leaf.23.4,D4,3,Day 7,7,Leaf.23.4.Day 7,3,805,879,Leaf,23°,4,Leaf.23,0.879
Leaf.23.4,D4,4,Day 7,7,Leaf.23.4.Day 7,3,880.5,954.5,Leaf,23°,4,Leaf.23,0.9545
Leaf.23.4,D4,5,Day 7,7,Leaf.23.4.Day 7,3,414.39,488.39,Leaf,23°,4,Leaf.23,0.48839
